model,label,scope,videos,processed,positive_videos,fall_events,video_tp,video_fp,video_fn,video_tn,video_precision,video_recall,video_f1,video_accuracy,event_tp,event_fp,event_fn,event_tn,event_precision,event_recall,event_f1,event_accuracy
own,사용자 DSTE/J1/G0,le2i130,130,119,99,99,86,4,13,27,0.9555555555555556,0.8686868686868687,0.91005291005291,0.8692307692307693,86,4,13,,0.9555555555555556,0.8686868686868687,0.91005291005291,
stgcnpp,ST-GCN++ (SAFER),le2i130,130,130,99,99,98,1,1,30,0.98989898989899,0.98989898989899,0.98989898989899,0.9846153846153847,98,4,1,,0.9607843137254902,0.98989898989899,0.9751243781094527,
msg3d,MS-G3D (SAFER),le2i130,130,130,99,99,97,3,2,28,0.97,0.9797979797979798,0.9748743718592965,0.9615384615384616,97,4,2,,0.9603960396039604,0.9797979797979798,0.97,
cnn1d,1D-CNN (SAFER),le2i130,130,130,99,99,95,3,4,28,0.9693877551020408,0.9595959595959596,0.9644670050761421,0.9461538461538461,95,7,4,,0.9313725490196079,0.9595959595959596,0.945273631840796,
own,사용자 DSTE/J1/G0,cauca100,100,93,50,50,39,1,11,49,0.975,0.78,0.8666666666666667,0.88,39,5,11,,0.8863636363636364,0.78,0.8297872340425532,
stgcnpp,ST-GCN++ (SAFER),cauca100,100,100,50,50,46,4,4,46,0.92,0.92,0.92,0.92,46,10,4,,0.8214285714285714,0.92,0.8679245283018868,
msg3d,MS-G3D (SAFER),cauca100,100,100,50,50,41,1,9,49,0.9761904761904762,0.82,0.8913043478260869,0.9,41,3,9,,0.9318181818181818,0.82,0.8723404255319149,
cnn1d,1D-CNN (SAFER),cauca100,100,100,50,50,42,5,8,45,0.8936170212765957,0.84,0.865979381443299,0.87,42,12,8,,0.7777777777777778,0.84,0.8076923076923077,
own,사용자 DSTE/J1/G0,cauca19,19,18,9,9,7,0,2,10,1.0,0.7777777777777778,0.875,0.8947368421052632,7,0,2,,1.0,0.7777777777777778,0.875,
stgcnpp,ST-GCN++ (SAFER),cauca19,19,19,9,9,9,1,0,9,0.9,1.0,0.9473684210526315,0.9473684210526315,9,3,0,,0.75,1.0,0.8571428571428571,
msg3d,MS-G3D (SAFER),cauca19,19,19,9,9,6,0,3,10,1.0,0.6666666666666666,0.8,0.8421052631578947,6,0,3,,1.0,0.6666666666666666,0.8,
cnn1d,1D-CNN (SAFER),cauca19,19,19,9,9,8,1,1,9,0.8888888888888888,0.8888888888888888,0.8888888888888888,0.8947368421052632,8,1,1,,0.8888888888888888,0.8888888888888888,0.8888888888888888,
rthfd,RTHFD,le2i130,130,130,99,99,33,1,66,30,0.9705882352941176,0.3333333333333333,0.49624060150375937,0.4846153846153846,30,119,69,,0.20134228187919462,0.30303030303030304,0.24193548387096775,
rthfd,RTHFD,cauca100,100,100,50,50,8,9,42,41,0.47058823529411764,0.16,0.23880597014925373,0.49,7,39,43,,0.15217391304347827,0.14,0.14583333333333334,
hfd_reproduction,HFD 3D-CNN+SVM 재학습,le2i130,130,130,99,99,25,4,74,27,0.8620689655172413,0.25252525252525254,0.390625,0.4,25,9,74,,0.7352941176470589,0.25252525252525254,0.37593984962406013,
hfd_reproduction,HFD 3D-CNN+SVM 재학습,cauca100,100,100,50,50,48,45,2,5,0.5161290322580645,0.96,0.6713286713286714,0.53,40,98,10,,0.2898550724637681,0.8,0.425531914893617,
privacy_x3d_uda_rgb,Privacy X3D-UDA (RGB 입력),le2i130,130,130,99,99,55,1,44,30,0.9821428571428571,0.5555555555555556,0.7096774193548387,0.6538461538461539,,,,,,,,
privacy_x3d_uda_rgb,Privacy X3D-UDA (RGB 입력),cauca100,100,100,50,50,47,31,3,19,0.6025641025641025,0.94,0.734375,0.66,,,,,,,,
usdrl_ntu60,USDRL/DSTE + NTU60 분류기,le2i130,130,119,99,99,72,1,27,30,0.9863013698630136,0.7272727272727273,0.8372093023255814,0.7846153846153846,72,5,27,,0.935064935064935,0.7272727272727273,0.8181818181818182,
usdrl_ntu60,USDRL/DSTE + NTU60 분류기,cauca100,100,93,50,50,20,2,30,48,0.9090909090909091,0.4,0.5555555555555556,0.68,20,4,30,,0.8333333333333334,0.4,0.5405405405405406,
flash,FLASH 재학습,le2i130,130,130,99,99,99,31,0,0,0.7615384615384615,1.0,0.8646288209606987,0.7615384615384615,89,611,10,,0.12714285714285714,0.898989898989899,0.2227784730913642,
flash,FLASH 재학습,cauca100,100,99,50,50,49,50,1,0,0.494949494949495,0.98,0.6577181208053692,0.49,44,477,6,,0.08445297504798464,0.88,0.15411558669001751,
own,사용자 DSTE/J1/G0,le2i127,127,116,96,96,83,4,13,27,0.9540229885057471,0.8645833333333334,0.907103825136612,0.8661417322834646,83,4,13,,0.9540229885057471,0.8645833333333334,0.907103825136612,
stgcnpp,ST-GCN++ (SAFER),le2i127,127,127,96,96,95,1,1,30,0.9895833333333334,0.9895833333333334,0.9895833333333334,0.984251968503937,95,3,1,,0.9693877551020408,0.9895833333333334,0.979381443298969,
msg3d,MS-G3D (SAFER),le2i127,127,127,96,96,94,3,2,28,0.9690721649484536,0.9791666666666666,0.9740932642487047,0.9606299212598425,94,3,2,,0.9690721649484536,0.9791666666666666,0.9740932642487047,
cnn1d,1D-CNN (SAFER),le2i127,127,127,96,96,92,3,4,28,0.968421052631579,0.9583333333333334,0.9633507853403142,0.9448818897637795,92,7,4,,0.9292929292929293,0.9583333333333334,0.9435897435897436,
own,사용자 DSTE/J1/G0,le2i38,38,29,22,22,15,1,7,15,0.9375,0.6818181818181818,0.7894736842105263,0.7894736842105263,15,1,7,,0.9375,0.6818181818181818,0.7894736842105263,
stgcnpp,ST-GCN++ (SAFER),le2i38,38,38,22,22,22,3,0,13,0.88,1.0,0.9361702127659575,0.9210526315789473,22,4,0,,0.8461538461538461,1.0,0.9166666666666666,
msg3d,MS-G3D (SAFER),le2i38,38,38,22,22,20,2,2,14,0.9090909090909091,0.9090909090909091,0.9090909090909091,0.8947368421052632,20,2,2,,0.9090909090909091,0.9090909090909091,0.9090909090909091,
cnn1d,1D-CNN (SAFER),le2i38,38,38,22,22,21,7,1,9,0.75,0.9545454545454546,0.84,0.7894736842105263,21,9,1,,0.7,0.9545454545454546,0.8076923076923077,
own,사용자 DSTE/J1/G0,gmdcsa37,37,35,17,17,11,2,6,18,0.8461538461538461,0.6470588235294118,0.7333333333333333,0.7837837837837838,11,3,6,,0.7857142857142857,0.6470588235294118,0.7096774193548387,
stgcnpp,ST-GCN++ (SAFER),gmdcsa37,37,37,17,17,11,1,6,19,0.9166666666666666,0.6470588235294118,0.7586206896551724,0.8108108108108109,11,1,6,,0.9166666666666666,0.6470588235294118,0.7586206896551724,
msg3d,MS-G3D (SAFER),gmdcsa37,37,37,17,17,10,0,7,20,1.0,0.5882352941176471,0.7407407407407407,0.8108108108108109,10,0,7,,1.0,0.5882352941176471,0.7407407407407407,
cnn1d,1D-CNN (SAFER),gmdcsa37,37,37,17,17,8,2,9,18,0.8,0.47058823529411764,0.5925925925925926,0.7027027027027027,8,2,9,,0.8,0.47058823529411764,0.5925925925925926,
own,사용자 DSTE/J1/G0,edf,2,1,2,16,1,0,1,0,1.0,0.5,0.6666666666666666,0.5,8,3,8,,0.7272727272727273,0.5,0.5925925925925926,
stgcnpp,ST-GCN++ (SAFER),edf,2,2,2,16,2,0,0,0,1.0,1.0,1.0,1.0,11,3,5,,0.7857142857142857,0.6875,0.7333333333333333,
msg3d,MS-G3D (SAFER),edf,2,2,2,16,2,0,0,0,1.0,1.0,1.0,1.0,7,3,9,,0.7,0.4375,0.5384615384615384,
cnn1d,1D-CNN (SAFER),edf,2,2,2,16,2,0,0,0,1.0,1.0,1.0,1.0,10,8,6,,0.5555555555555556,0.625,0.5882352941176471,
own,사용자 DSTE/J1/G0,occu,2,2,2,16,1,0,1,0,1.0,0.5,0.6666666666666666,0.5,6,2,10,,0.75,0.375,0.5,
stgcnpp,ST-GCN++ (SAFER),occu,2,2,2,16,2,0,0,0,1.0,1.0,1.0,1.0,8,0,8,,1.0,0.5,0.6666666666666666,
msg3d,MS-G3D (SAFER),occu,2,2,2,16,2,0,0,0,1.0,1.0,1.0,1.0,10,0,6,,1.0,0.625,0.7692307692307693,
cnn1d,1D-CNN (SAFER),occu,2,2,2,16,1,0,1,0,1.0,0.5,0.6666666666666666,0.5,4,7,12,,0.36363636363636365,0.25,0.2962962962962963,
own,사용자 DSTE/J1/G0,OOPS,572,454,525,636,258,8,267,39,0.9699248120300752,0.49142857142857144,0.6523388116308471,0.5192307692307693,273,74,363,,0.7867435158501441,0.42924528301886794,0.555442522889115,
stgcnpp,ST-GCN++ (SAFER),OOPS,572,572,525,636,402,11,123,36,0.9733656174334141,0.7657142857142857,0.8571428571428571,0.7657342657342657,421,133,215,,0.759927797833935,0.6619496855345912,0.7075630252100841,
msg3d,MS-G3D (SAFER),OOPS,572,572,525,636,394,20,131,27,0.9516908212560387,0.7504761904761905,0.8391906283280085,0.736013986013986,412,204,224,,0.6688311688311688,0.6477987421383647,0.65814696485623,
cnn1d,1D-CNN (SAFER),OOPS,572,572,525,636,401,13,124,34,0.9685990338164251,0.7638095238095238,0.8541001064962727,0.7604895104895105,436,229,200,,0.6556390977443609,0.6855345911949685,0.6702536510376633,
posec3d_ntu60,PoseC3D (NTU60),le2i38,38,38,22,22,21,7,1,9,0.75,0.9545454545454546,0.84,0.7894736842105263,21,20,1,,0.5121951219512195,0.9545454545454546,0.6666666666666666,
posec3d_ntu60,PoseC3D (NTU60),gmdcsa37,37,37,17,17,12,6,5,14,0.6666666666666666,0.7058823529411765,0.6857142857142857,0.7027027027027027,12,6,5,,0.6666666666666666,0.7058823529411765,0.6857142857142857,
posec3d_ntu60,PoseC3D (NTU60),cauca19,19,19,9,9,9,4,0,6,0.6923076923076923,1.0,0.8181818181818182,0.7894736842105263,9,6,0,,0.6,1.0,0.75,
posec3d_safer,PoseC3D (SAFER),le2i38,38,38,22,22,22,3,0,13,0.88,1.0,0.9361702127659575,0.9210526315789473,22,4,0,,0.8461538461538461,1.0,0.9166666666666666,
posec3d_safer,PoseC3D (SAFER),gmdcsa37,37,37,17,17,9,1,8,19,0.9,0.5294117647058824,0.6666666666666666,0.7567567567567568,9,1,8,,0.9,0.5294117647058824,0.6666666666666666,
posec3d_safer,PoseC3D (SAFER),cauca19,19,19,9,9,7,1,2,9,0.875,0.7777777777777778,0.8235294117647058,0.8421052631578947,7,1,2,,0.875,0.7777777777777778,0.8235294117647058,
