dataset,video,fall_events,own_processed,own_tp,own_fp,own_fn,own_alarms,stgcnpp_processed,stgcnpp_tp,stgcnpp_fp,stgcnpp_fn,stgcnpp_alarms,msg3d_processed,msg3d_tp,msg3d_fp,msg3d_fn,msg3d_alarms,cnn1d_processed,cnn1d_tp,cnn1d_fp,cnn1d_fn,cnn1d_alarms
le2i127,Coffee_room_01_001,1,1,1,0,0,2.84,1,1,0,0,2.84,1,1,0,0,2.84,1,1,0,0,2.84
le2i127,Coffee_room_01_002,1,1,1,0,0,8.92,1,1,0,0,8.6,1,1,0,0,8.28,1,1,0,0,8.6
le2i127,Coffee_room_01_003,1,1,1,0,0,10.2,1,1,0,0,9.88,1,1,0,0,9.88,1,1,0,0,9.88
le2i127,Coffee_room_01_004,1,1,1,0,0,6.04,1,1,0,0,6.04,1,1,0,0,5.72,1,1,0,0,5.72
le2i127,Coffee_room_01_005,1,1,1,0,0,6.36,1,1,0,0,6.04,1,1,0,0,6.04,1,1,0,0,6.36
le2i127,Coffee_room_01_006,1,1,1,0,0,6.68,1,1,0,0,6.36,1,1,0,0,6.68,1,1,0,0,6.68
le2i127,Coffee_room_01_007,1,1,1,0,0,5.08,1,1,0,0,4.76,1,1,0,0,4.76,1,1,0,0,4.76
le2i127,Coffee_room_01_008,1,1,1,0,0,7.64,1,1,0,0,7.32,1,1,0,0,7.32,1,1,0,0,7.32
le2i127,Coffee_room_01_009,1,1,1,0,0,4.76,1,1,0,0,4.44,1,1,0,0,4.44,1,1,0,0,4.44
le2i127,Coffee_room_01_010,1,1,1,0,0,9.56,1,1,0,0,9.24,1,1,0,0,9.24,1,1,0,0,9.24
le2i127,Coffee_room_01_011,1,1,1,0,0,16.28,1,1,0,0,15.96,1,1,0,0,15.64,1,1,0,0,15.96
le2i127,Coffee_room_01_012,1,1,1,0,0,3.48,1,1,0,0,3.16,1,1,0,0,3.16,1,1,0,0,3.8
le2i127,Coffee_room_01_013,1,0,0,0,1,,1,1,0,0,4.76,1,1,0,0,4.44,1,1,0,0,4.44
le2i127,Coffee_room_01_014,1,1,1,0,0,3.16,1,1,0,0,3.16,1,1,0,0,2.84,1,1,0,0,2.84
le2i127,Coffee_room_01_015,1,1,1,0,0,2.84,1,1,0,0,2.84,1,1,0,0,2.84,1,1,0,0,2.84
le2i127,Coffee_room_01_016,1,1,1,0,0,2.84,1,1,0,0,2.84,1,1,0,0,2.52,1,1,0,0,2.84
le2i127,Coffee_room_01_017,1,1,1,0,0,2.52,1,1,0,0,2.52,1,1,0,0,2.52,1,0,0,1,
le2i127,Coffee_room_01_018,1,1,1,0,0,7.32,1,1,0,0,7.32,1,1,0,0,7.32,1,1,0,0,7.32
le2i127,Coffee_room_01_019,1,1,1,0,0,4.76,1,1,0,0,4.76,1,1,0,0,4.76,1,1,0,0,4.76
le2i127,Coffee_room_01_020,1,1,1,0,0,14.36,1,1,0,0,14.04,1,1,0,0,14.04,1,1,0,0,14.04
le2i127,Coffee_room_01_021,1,1,1,0,0,4.44,1,1,0,0,4.44,1,1,0,0,4.44,1,1,0,0,4.44
le2i127,Coffee_room_01_022,1,1,1,0,0,6.04,1,1,0,0,6.04,1,1,0,0,6.04,1,1,0,0,5.72
le2i127,Coffee_room_01_023,1,1,1,0,0,9.24,1,1,0,0,8.92,1,1,0,0,9.24,1,1,0,0,8.92
le2i127,Coffee_room_01_024,1,1,1,0,0,9.24,1,1,0,0,9.24,1,1,0,0,9.24,1,1,0,0,9.24
le2i127,Coffee_room_01_025,1,1,1,0,0,6.36,1,1,0,0,6.36,1,1,0,0,6.36,1,1,0,0,6.04
le2i127,Coffee_room_01_027,1,1,1,0,0,7.32,1,1,0,0,7.32,1,1,0,0,7.32,1,1,0,0,7.32
le2i127,Coffee_room_01_028,1,1,1,0,0,3.48,1,1,0,0,3.16,1,1,0,0,3.48,1,1,0,0,3.48
le2i127,Coffee_room_01_029,1,1,1,0,0,13.08,1,1,0,0,12.76,1,1,0,0,12.76,1,1,0,0,12.76
le2i127,Coffee_room_01_030,1,1,1,0,0,4.12,1,1,0,0,4.12,1,1,0,0,3.8,1,1,0,0,3.8
le2i127,Coffee_room_01_031,1,1,1,0,0,7.64,1,1,0,0,7.0,1,1,0,0,7.0,1,1,0,0,7.32
le2i127,Coffee_room_01_032,1,1,1,0,0,9.24,1,1,0,0,9.24,1,1,0,0,9.24,1,1,0,0,9.24
le2i127,Coffee_room_01_033,1,1,1,0,0,4.44,1,1,0,0,4.44,1,1,0,0,4.44,1,1,0,0,4.44
le2i127,Coffee_room_01_034,1,1,1,0,0,14.36,1,1,0,0,14.04,1,1,0,0,14.04,1,1,0,0,14.04
le2i127,Coffee_room_01_035,1,1,1,0,0,3.8,1,1,0,0,3.48,1,1,0,0,3.8,1,1,0,0,3.8
le2i127,Coffee_room_01_036,1,1,1,0,0,44.76,1,1,0,0,44.44,1,1,0,0,44.76,1,1,0,0,44.44
le2i127,Coffee_room_01_037,1,1,1,0,0,3.48,1,1,0,0,3.16,1,1,0,0,3.16,1,1,0,0,3.16
le2i127,Coffee_room_01_038,1,1,1,0,0,10.84,1,1,0,0,10.52,1,1,0,0,10.2,1,1,0,0,10.52
le2i127,Coffee_room_01_039,1,1,1,0,0,2.84,1,1,0,0,2.84,1,1,0,0,2.84,1,1,0,0,2.84
le2i127,Coffee_room_01_040,1,1,1,0,0,11.48,1,1,0,0,11.48,1,1,0,0,11.48,1,1,0,0,11.16
le2i127,Coffee_room_01_041,1,1,1,0,0,11.8,1,1,0,0,11.48,1,1,0,0,11.48,1,1,0,0,11.8
le2i127,Coffee_room_01_042,1,1,1,0,0,5.4,1,1,0,0,5.4,1,1,0,0,5.4,1,1,0,0,5.4
le2i127,Coffee_room_01_043,1,1,1,0,0,26.2,1,1,0,0,26.2,1,1,0,0,26.2,1,1,0,0,26.2
le2i127,Coffee_room_01_044,1,1,1,0,0,3.16,1,1,0,0,2.84,1,1,0,0,2.84,1,1,0,0,2.84
le2i127,Coffee_room_01_045,1,1,1,0,0,5.08,1,1,0,0,5.08,1,1,0,0,5.08,1,1,0,0,5.08
le2i127,Coffee_room_01_046,1,1,1,0,0,7.64,1,1,0,0,7.64,1,1,0,0,7.32,1,1,0,0,7.64
le2i127,Coffee_room_01_047,1,1,1,0,0,25.88,1,1,0,0,25.88,1,1,0,0,25.56,1,1,0,0,25.88
le2i127,Coffee_room_01_048,1,1,1,0,0,27.16,1,1,0,0,27.16,1,1,0,0,26.84,1,1,0,0,27.16
le2i127,Coffee_room_02_049,1,1,1,0,0,18.2,1,1,0,0,17.88,1,1,0,0,17.88,1,1,0,0,17.88
le2i127,Coffee_room_02_051,1,1,1,0,0,4.44,1,1,0,0,3.8,1,1,0,0,4.12,1,1,0,0,3.8
le2i127,Coffee_room_02_053,1,1,1,0,0,11.8,1,1,0,0,11.48,1,1,0,0,11.48,1,1,0,0,11.48
le2i127,Coffee_room_02_054,1,0,0,0,1,,1,1,0,0,7.32,1,1,0,0,7.32,1,1,0,0,7.32
le2i127,Coffee_room_02_055,1,1,1,0,0,9.88,1,1,0,0,9.56,1,1,0,0,9.56,1,1,0,0,9.56
le2i127,Coffee_room_02_056,1,1,1,0,0,13.4,1,1,0,0,13.08,1,1,0,0,13.08,1,1,0,0,13.08
le2i127,Coffee_room_02_057,1,1,1,0,0,18.84,1,1,0,0,18.52,1,1,0,0,18.52,1,1,0,0,18.84
le2i127,Coffee_room_02_058,1,1,1,0,0,8.28,1,1,0,0,8.28,1,1,0,0,7.96,1,1,0,0,7.96
le2i127,Coffee_room_02_059,1,1,1,0,0,6.36,1,1,0,0,6.36,1,1,0,0,6.36,1,1,0,0,6.36
le2i127,Coffee_room_02_060,1,1,1,0,0,6.36,1,1,0,0,6.36,1,1,0,0,6.36,1,1,0,0,6.04
le2i127,Coffee_room_02_061,0,1,0,1,0,40.6,1,0,0,0,,1,0,0,0,,1,0,0,0,
le2i127,Coffee_room_02_062,1,1,1,0,0,7.96,1,1,0,0,7.96,1,1,0,0,7.96,1,1,0,0,8.28
le2i127,Coffee_room_02_063,0,1,0,0,0,,1,0,0,0,,1,0,0,0,,1,0,0,0,
le2i127,Coffee_room_02_064,1,1,1,0,0,6.68,1,1,0,0,6.36,1,1,0,0,6.36,1,1,0,0,6.36
le2i127,Coffee_room_02_065,0,1,0,0,0,,1,0,0,0,,1,0,0,0,,1,0,0,0,
le2i127,Coffee_room_02_066,0,1,0,0,0,,1,0,0,0,,1,0,1,0,4.12,1,0,0,0,
le2i127,Coffee_room_02_067,0,1,0,0,0,,1,0,0,0,,1,0,0,0,,1,0,1,0,13.72
le2i127,Coffee_room_02_068,0,1,0,0,0,,1,0,0,0,,1,0,0,0,,1,0,1,0,4.76
le2i127,Coffee_room_02_069,0,1,0,0,0,,1,0,0,0,,1,0,0,0,,1,0,0,0,
le2i127,Coffee_room_02_070,0,1,0,0,0,,1,0,0,0,,1,0,1,0,8.92,1,0,1,0,9.24
le2i127,Home_01_001,1,1,1,0,0,7.0,1,1,0,0,7.0,1,1,0,0,7.0,1,1,0,0,7.0
le2i127,Home_01_002,1,1,1,0,0,6.04,1,1,0,0,6.04,1,1,0,0,6.04,1,1,0,0,6.04
le2i127,Home_01_003,1,1,1,0,0,6.04,1,1,0,0,6.04,1,1,0,0,6.04,1,1,0,0,6.04
le2i127,Home_01_004,1,1,1,0,0,7.32,1,1,0,0,7.32,1,1,0,0,7.0,1,1,0,0,7.32
le2i127,Home_01_005,1,0,0,0,1,,1,1,0,0,5.4,1,1,0,0,5.4,1,0,0,1,
le2i127,Home_01_006,1,1,1,0,0,6.04,1,1,0,0,5.72,1,1,0,0,5.72,1,1,0,0,5.72
le2i127,Home_01_007,1,1,1,0,0,7.0,1,1,0,0,6.36,1,1,0,0,6.04,1,1,0,0,6.68
le2i127,Home_01_008,1,1,1,0,0,6.04,1,1,0,0,5.72,1,1,0,0,6.04,1,1,1,0,5.72;11.48
le2i127,Home_01_009,1,0,0,0,1,,1,1,0,0,7.0,1,1,0,0,7.0,1,1,2,0,7.0;12.12;13.4
le2i127,Home_01_010,1,0,0,0,1,,1,1,0,0,6.04,1,1,0,0,6.04,1,1,0,0,6.04
le2i127,Home_01_011,1,0,0,0,1,,1,1,1,0,6.04;7.64,1,1,0,0,5.72,1,1,0,0,6.36
le2i127,Home_01_012,1,1,1,0,0,7.64,1,1,0,0,7.32,1,1,0,0,7.32,1,1,0,0,7.32
le2i127,Home_01_013,1,1,1,0,0,7.32,1,1,0,0,7.32,1,1,0,0,7.32,1,1,0,0,7.0
le2i127,Home_01_014,1,0,0,0,1,,1,1,0,0,8.6,1,1,0,0,8.28,1,1,0,0,8.6
le2i127,Home_01_015,1,0,0,0,1,,1,1,0,0,7.64,1,1,0,0,7.64,1,1,0,0,7.96
le2i127,Home_01_016,1,1,0,0,1,,1,1,0,0,8.28,1,0,0,1,,1,0,0,1,
le2i127,Home_01_017,1,1,0,0,1,,1,0,0,1,,1,0,0,1,,1,0,0,1,
le2i127,Home_01_018,1,0,0,0,1,,1,1,0,0,6.36,1,1,0,0,6.36,1,1,1,0,4.12;6.68
le2i127,Home_01_019,1,1,1,0,0,6.68,1,1,0,0,6.36,1,1,0,0,6.68,1,1,0,0,6.68
le2i127,Home_01_020,1,1,1,0,0,7.64,1,1,0,0,7.32,1,1,0,0,7.0,1,1,0,0,7.32
le2i127,Home_01_021,1,1,1,0,0,7.64,1,1,0,0,7.32,1,1,0,0,7.0,1,1,0,0,7.32
le2i127,Home_01_022,1,1,1,0,0,7.32,1,1,0,0,7.0,1,1,0,0,7.32,1,1,0,0,7.32
le2i127,Home_01_023,1,1,1,0,0,8.28,1,1,0,0,7.96,1,1,0,0,7.96,1,1,0,0,7.96
le2i127,Home_01_024,1,1,1,0,0,6.68,1,1,0,0,6.36,1,1,0,0,6.36,1,1,0,0,6.68
le2i127,Home_01_025,1,1,1,0,0,8.28,1,1,0,0,7.96,1,1,0,0,7.96,1,1,0,0,7.96
le2i127,Home_01_026,1,1,1,0,0,6.36,1,1,0,0,6.36,1,1,0,0,6.36,1,1,0,0,6.36
le2i127,Home_01_027,1,1,1,0,0,7.96,1,1,0,0,7.96,1,1,0,0,7.64,1,1,0,0,7.64
le2i127,Home_01_028,1,1,1,0,0,7.96,1,1,0,0,7.96,1,1,0,0,7.96,1,1,0,0,7.96
le2i127,Home_01_029,1,0,0,0,1,,1,1,1,0,7.64;10.84,1,1,0,0,7.64,1,1,0,0,7.32
le2i127,Home_01_030,1,1,1,0,0,6.04,1,1,0,0,6.04,1,1,0,0,6.04,1,1,0,0,6.04
le2i127,Home_02_031,1,1,1,0,0,9.56,1,1,0,0,9.24,1,1,0,0,9.24,1,1,0,0,8.92
le2i127,Home_02_032,1,1,1,0,0,4.76,1,1,0,0,4.76,1,1,0,0,4.76,1,1,0,0,4.76
le2i127,Home_02_033,1,1,1,0,0,6.36,1,1,0,0,6.04,1,1,0,0,6.04,1,1,0,0,6.04
le2i127,Home_02_034,1,1,1,0,0,7.64,1,1,0,0,7.32,1,1,0,0,7.32,1,1,0,0,7.32
le2i127,Home_02_035,1,1,1,0,0,7.32,1,1,0,0,6.04,1,1,0,0,6.04,1,1,0,0,6.04
le2i127,Home_02_036,1,0,0,0,1,,1,1,0,0,6.04,1,1,0,0,6.04,1,1,0,0,6.04
le2i127,Home_02_037,1,1,1,0,0,6.36,1,1,0,0,6.36,1,1,0,0,6.04,1,1,0,0,6.36
le2i127,Home_02_038,0,1,0,0,0,,1,0,0,0,,1,0,0,0,,1,0,0,0,
le2i127,Home_02_039,0,1,0,0,0,,1,0,0,0,,1,0,0,0,,1,0,0,0,
le2i127,Home_02_040,0,1,0,0,0,,1,0,0,0,,1,0,0,0,,1,0,0,0,
le2i127,Home_02_041,0,1,0,0,0,,1,0,0,0,,1,0,0,0,,1,0,0,0,
le2i127,Home_02_042,0,1,0,0,0,,1,0,0,0,,1,0,0,0,,1,0,0,0,
le2i127,Home_02_043,0,1,0,0,0,,1,0,0,0,,1,0,0,0,,1,0,0,0,
le2i127,Home_02_044,0,1,0,0,0,,1,0,0,0,,1,0,0,0,,1,0,0,0,
le2i127,Home_02_045,0,1,0,0,0,,1,0,0,0,,1,0,0,0,,1,0,0,0,
le2i127,Home_02_046,0,1,0,0,0,,1,0,0,0,,1,0,0,0,,1,0,0,0,
le2i127,Home_02_047,0,1,0,0,0,,1,0,0,0,,1,0,0,0,,1,0,0,0,
le2i127,Home_02_048,0,1,0,0,0,,1,0,0,0,,1,0,0,0,,1,0,0,0,
le2i127,Home_02_049,0,1,0,0,0,,1,0,0,0,,1,0,0,0,,1,0,0,0,
le2i127,Home_02_050,0,1,0,0,0,,1,0,0,0,,1,0,0,0,,1,0,0,0,
le2i127,Home_02_051,0,1,0,0,0,,1,0,0,0,,1,0,0,0,,1,0,0,0,
le2i127,Home_02_052,0,1,0,1,0,7.32,1,0,0,0,,1,0,0,0,,1,0,0,0,
le2i127,Home_02_053,0,1,0,1,0,6.04,1,0,0,0,,1,0,0,0,,1,0,0,0,
le2i127,Home_02_054,0,1,0,0,0,,1,0,0,0,,1,0,0,0,,1,0,0,0,
le2i127,Home_02_055,0,1,0,0,0,,1,0,0,0,,1,0,1,0,6.68,1,0,0,0,
le2i127,Home_02_056,0,1,0,0,0,,1,0,0,0,,1,0,0,0,,1,0,0,0,
le2i127,Home_02_057,0,1,0,0,0,,1,0,1,0,9.24,1,0,0,0,,1,0,0,0,
le2i127,Home_02_058,0,1,0,0,0,,1,0,0,0,,1,0,0,0,,1,0,0,0,
le2i127,Home_02_059,0,1,0,1,0,7.64,1,0,0,0,,1,0,0,0,,1,0,0,0,
le2i127,Home_02_060,0,1,0,0,0,,1,0,0,0,,1,0,0,0,,1,0,0,0,
le2i38,Coffee_room_01/video_23,1,1,1,0,0,9.24,1,1,0,0,8.92,1,1,0,0,9.24,1,1,0,0,8.92
le2i38,Coffee_room_01/video_24,1,1,1,0,0,9.24,1,1,0,0,9.24,1,1,0,0,9.24,1,1,0,0,9.24
le2i38,Coffee_room_01/video_25,1,1,1,0,0,6.36,1,1,0,0,6.36,1,1,0,0,6.36,1,1,0,0,6.04
le2i38,Coffee_room_01/video_26,1,1,1,0,0,9.24,1,1,0,0,8.92,1,1,0,0,8.6,1,1,0,0,8.92
le2i38,Coffee_room_01/video_27,1,1,1,0,0,7.32,1,1,0,0,7.32,1,1,0,0,7.32,1,1,0,0,7.32
le2i38,Coffee_room_01/video_28,1,1,1,0,0,3.48,1,1,0,0,3.16,1,1,0,0,3.48,1,1,0,0,3.48
le2i38,Coffee_room_01/video_4,1,1,1,0,0,6.04,1,1,0,0,6.04,1,1,0,0,5.72,1,1,0,0,5.72
le2i38,Coffee_room_01/video_5,1,1,1,0,0,6.36,1,1,0,0,6.04,1,1,0,0,6.04,1,1,0,0,6.36
le2i38,Coffee_room_01/video_6,1,1,1,0,0,6.68,1,1,0,0,6.36,1,1,0,0,6.68,1,1,0,0,6.68
le2i38,Coffee_room_01/video_7,1,1,1,0,0,5.08,1,1,0,0,4.76,1,1,0,0,4.76,1,1,0,0,4.76
le2i38,Coffee_room_01/video_8,1,1,1,0,0,7.64,1,1,0,0,7.32,1,1,0,0,7.32,1,1,0,0,7.32
le2i38,Coffee_room_02/video_54,1,0,0,0,1,,1,1,0,0,7.32,1,1,0,0,7.32,1,1,0,0,7.32
le2i38,Coffee_room_02/video_57,1,1,1,0,0,18.84,1,1,0,0,18.52,1,1,0,0,18.52,1,1,0,0,18.84
le2i38,Coffee_room_02/video_68,0,1,0,0,0,,1,0,0,0,,1,0,0,0,,1,0,1,0,4.76
le2i38,Home_01/video_11,1,0,0,0,1,,1,1,1,0,6.04;7.64,1,1,0,0,5.72,1,1,0,0,6.36
le2i38,Home_01/video_14,1,0,0,0,1,,1,1,0,0,8.6,1,1,0,0,8.28,1,1,0,0,8.6
le2i38,Home_01/video_15,1,0,0,0,1,,1,1,0,0,7.64,1,1,0,0,7.64,1,1,0,0,7.96
le2i38,Home_01/video_18,1,0,0,0,1,,1,1,0,0,6.36,1,1,0,0,6.36,1,1,1,0,4.12;6.68
le2i38,Home_02/video_40,0,1,0,0,0,,1,0,0,0,,1,0,0,0,,1,0,0,0,
le2i38,Home_02/video_57,0,1,0,0,0,,1,0,1,0,9.24,1,0,0,0,,1,0,0,0,
le2i38,Home_02/video_58,0,1,0,0,0,,1,0,0,0,,1,0,0,0,,1,0,0,0,
le2i38,Home_02/video_59,0,1,0,1,0,7.64,1,0,0,0,,1,0,0,0,,1,0,0,0,
le2i38,Home_02/video_60,0,1,0,0,0,,1,0,0,0,,1,0,0,0,,1,0,0,0,
le2i38,Lecture_room/video_15,0,0,0,0,0,,1,0,1,0,22.68,1,0,1,0,23.0,1,0,1,0,22.68
le2i38,Lecture_room/video_16,0,1,0,0,0,,1,0,0,0,,1,0,0,0,,1,0,0,0,
le2i38,Lecture_room/video_20,0,1,0,0,0,,1,0,0,0,,1,0,0,0,,1,0,1,0,10.52
le2i38,Lecture_room/video_21,0,1,0,0,0,,1,0,1,0,30.04,1,0,0,0,,1,0,1,0,29.4
le2i38,Lecture_room/video_22,0,1,0,0,0,,1,0,0,0,,1,0,1,0,37.4,1,0,0,0,
le2i38,Lecture_room/video_23,0,0,0,0,0,,1,0,0,0,,1,0,0,0,,1,0,1,0,22.04
le2i38,Lecture_room/video_4,1,0,0,0,1,,1,1,0,0,12.12,1,0,0,1,,1,1,1,0,4.76;12.12
le2i38,Lecture_room/video_5,1,0,0,0,1,,1,1,0,0,11.8,1,1,0,0,11.8,1,1,0,0,11.8
le2i38,Office/video_10,1,1,1,0,0,7.64,1,1,0,0,7.32,1,1,0,0,7.32,1,1,0,0,7.32
le2i38,Office/video_11,1,1,1,0,0,5.08,1,1,0,0,4.76,1,0,0,1,,1,0,0,1,
le2i38,Office/video_12,1,1,1,0,0,9.24,1,1,0,0,8.92,1,1,0,0,8.6,1,1,0,0,8.6
le2i38,Office/video_21,0,1,0,0,0,,1,0,0,0,,1,0,0,0,,1,0,1,0,16.92
le2i38,Office/video_22,0,1,0,0,0,,1,0,0,0,,1,0,0,0,,1,0,0,0,
le2i38,Office/video_25,0,1,0,0,0,,1,0,0,0,,1,0,0,0,,1,0,0,0,
le2i38,Office/video_31,0,1,0,0,0,,1,0,0,0,,1,0,0,0,,1,0,1,0,7.64
gmdcsa37,Subject_4/Fall/01,1,1,1,0,0,2.84,1,1,0,0,2.84,1,1,0,0,2.84,1,1,0,0,2.84
gmdcsa37,Subject_4/Fall/02,1,1,0,0,1,,1,0,0,1,,1,0,0,1,,1,0,0,1,
gmdcsa37,Subject_4/Fall/03,1,1,0,0,1,,1,1,0,0,3.48,1,1,0,0,2.84,1,1,0,0,3.16
gmdcsa37,Subject_4/Fall/04,1,0,0,0,1,,1,1,0,0,2.52,1,1,0,0,2.52,1,1,0,0,2.52
gmdcsa37,Subject_4/Fall/05,1,1,1,0,0,4.12,1,1,0,0,4.12,1,0,0,1,,1,0,0,1,
gmdcsa37,Subject_4/Fall/06,1,1,1,0,0,4.12,1,0,0,1,,1,0,0,1,,1,0,0,1,
gmdcsa37,Subject_4/Fall/07,1,1,1,0,0,3.48,1,1,0,0,3.8,1,1,0,0,3.48,1,1,0,0,3.48
gmdcsa37,Subject_4/Fall/08,1,1,0,0,1,,1,0,0,1,,1,0,0,1,,1,0,0,1,
gmdcsa37,Subject_4/Fall/09,1,1,0,0,1,,1,0,0,1,,1,0,0,1,,1,0,0,1,
gmdcsa37,Subject_4/Fall/10,1,1,1,0,0,3.48,1,1,0,0,3.16,1,1,0,0,3.16,1,1,0,0,3.8
gmdcsa37,Subject_4/Fall/11,1,1,1,0,0,2.52,1,1,0,0,2.52,1,1,0,0,2.52,1,1,0,0,2.52
gmdcsa37,Subject_4/Fall/12,1,1,1,0,0,2.84,1,1,0,0,2.84,1,1,0,0,2.52,1,0,0,1,
gmdcsa37,Subject_4/Fall/13,1,1,0,0,1,,1,0,0,1,,1,0,0,1,,1,0,0,1,
gmdcsa37,Subject_4/Fall/14,1,1,1,1,0,2.52;3.8,1,0,0,1,,1,1,0,0,2.52,1,0,0,1,
gmdcsa37,Subject_4/Fall/15,1,1,1,0,0,3.16,1,1,0,0,2.84,1,1,0,0,2.84,1,1,0,0,3.48
gmdcsa37,Subject_4/Fall/16,1,1,1,0,0,4.76,1,1,0,0,4.44,1,1,0,0,4.44,1,1,0,0,4.44
gmdcsa37,Subject_4/Fall/17,1,1,1,0,0,4.12,1,1,0,0,3.8,1,0,0,1,,1,0,0,1,
gmdcsa37,Subject_4/ADL/01,0,1,0,0,0,,1,0,0,0,,1,0,0,0,,1,0,0,0,
gmdcsa37,Subject_4/ADL/02,0,1,0,0,0,,1,0,0,0,,1,0,0,0,,1,0,0,0,
gmdcsa37,Subject_4/ADL/03,0,1,0,0,0,,1,0,0,0,,1,0,0,0,,1,0,0,0,
gmdcsa37,Subject_4/ADL/04,0,1,0,0,0,,1,0,0,0,,1,0,0,0,,1,0,0,0,
gmdcsa37,Subject_4/ADL/05,0,1,0,0,0,,1,0,0,0,,1,0,0,0,,1,0,0,0,
gmdcsa37,Subject_4/ADL/06,0,1,0,1,0,2.52,1,0,0,0,,1,0,0,0,,1,0,0,0,
gmdcsa37,Subject_4/ADL/07,0,0,0,0,0,,1,0,0,0,,1,0,0,0,,1,0,1,0,3.8
gmdcsa37,Subject_4/ADL/08,0,1,0,0,0,,1,0,0,0,,1,0,0,0,,1,0,0,0,
gmdcsa37,Subject_4/ADL/09,0,1,0,0,0,,1,0,0,0,,1,0,0,0,,1,0,0,0,
gmdcsa37,Subject_4/ADL/10,0,1,0,1,0,5.4,1,0,1,0,4.44,1,0,0,0,,1,0,1,0,4.12
gmdcsa37,Subject_4/ADL/11,0,1,0,0,0,,1,0,0,0,,1,0,0,0,,1,0,0,0,
gmdcsa37,Subject_4/ADL/12,0,1,0,0,0,,1,0,0,0,,1,0,0,0,,1,0,0,0,
gmdcsa37,Subject_4/ADL/13,0,1,0,0,0,,1,0,0,0,,1,0,0,0,,1,0,0,0,
gmdcsa37,Subject_4/ADL/14,0,1,0,0,0,,1,0,0,0,,1,0,0,0,,1,0,0,0,
gmdcsa37,Subject_4/ADL/15,0,1,0,0,0,,1,0,0,0,,1,0,0,0,,1,0,0,0,
gmdcsa37,Subject_4/ADL/16,0,1,0,0,0,,1,0,0,0,,1,0,0,0,,1,0,0,0,
gmdcsa37,Subject_4/ADL/17,0,1,0,0,0,,1,0,0,0,,1,0,0,0,,1,0,0,0,
gmdcsa37,Subject_4/ADL/18,0,1,0,0,0,,1,0,0,0,,1,0,0,0,,1,0,0,0,
gmdcsa37,Subject_4/ADL/19,0,1,0,0,0,,1,0,0,0,,1,0,0,0,,1,0,0,0,
gmdcsa37,Subject_4/ADL/20,0,1,0,0,0,,1,0,0,0,,1,0,0,0,,1,0,0,0,
cauca19,backwards/FallBackwardsS8,1,1,1,0,0,4.12,1,1,0,0,3.8,1,1,0,0,4.12,1,0,0,1,
cauca19,adl/WalkS9,0,1,0,0,0,,1,0,0,0,,1,0,0,0,,1,0,0,0,
cauca19,adl/SitDownS9,0,1,0,0,0,,1,0,0,0,,1,0,0,0,,1,0,0,0,
cauca19,adl/PickupobjectS9,0,1,0,0,0,,1,0,0,0,,1,0,0,0,,1,0,0,0,
cauca19,adl/SitDownS8,0,1,0,0,0,,1,0,0,0,,1,0,0,0,,1,0,0,0,
cauca19,adl/KneelS8,0,1,0,0,0,,1,0,1,0,3.16,1,0,0,0,,1,0,0,0,
cauca19,adl/HopS9,0,1,0,0,0,,1,0,0,0,,1,0,0,0,,1,0,0,0,
cauca19,adl/KneelS9,0,1,0,0,0,,1,0,0,0,,1,0,0,0,,1,0,1,0,5.72
cauca19,adl/HopS8,0,1,0,0,0,,1,0,0,0,,1,0,0,0,,1,0,0,0,
cauca19,adl/PickupobjectS8,0,1,0,0,0,,1,0,0,0,,1,0,0,0,,1,0,0,0,
cauca19,adl/WalkS8,0,1,0,0,0,,1,0,0,0,,1,0,0,0,,1,0,0,0,
cauca19,side/FallLeftS8,1,1,1,0,0,3.16,1,1,0,0,2.84,1,1,0,0,2.84,1,1,0,0,2.52
cauca19,side/FallRightS9,1,1,1,0,0,3.48,1,1,0,0,3.16,1,1,0,0,3.16,1,1,0,0,3.16
cauca19,side/FallSittingS9,1,1,1,0,0,5.72,1,1,0,0,5.72,1,0,0,1,,1,1,0,0,5.08
cauca19,side/FallLeftS9,1,0,0,0,1,,1,1,1,0,3.8;5.72,1,0,0,1,,1,1,0,0,3.16
cauca19,side/FallSittingS8,1,1,0,0,1,,1,1,0,0,4.76,1,0,0,1,,1,1,0,0,4.76
cauca19,side/FallRightS8,1,1,1,0,0,3.48,1,1,0,0,3.16,1,1,0,0,3.16,1,1,0,0,3.16
cauca19,forward/FallForwardS8,1,1,1,0,0,2.52,1,1,0,0,2.52,1,1,0,0,2.52,1,1,0,0,2.52
cauca19,forward/FallForwardS9,1,1,1,0,0,3.16,1,1,1,0,2.84;4.12,1,1,0,0,2.84,1,1,0,0,2.84
edf,zhong/view1/rgb/zhong_view1_rgb,8,1,8,3,0,33.88;47.0;62.04;81.24;110.36;124.76;155.8;162.52;169.24;179.8;184.28,1,8,2,0,33.56;46.68;61.72;80.92;92.44;110.04;124.44;155.48;169.56;179.48,1,5,1,3,33.56;46.68;61.72;110.04;124.44;179.48,1,7,5,1,14.04;33.56;46.68;61.72;71.32;71.96;80.92;93.08;110.04;124.12;168.92;198.04
edf,zhong/view2/rgb/zhong_view2_rgb,8,0,0,0,8,,1,3,1,5,17.24;33.88;154.84;167.96,1,2,2,6,17.24;136.6;154.52;167.96,1,3,3,5,13.72;113.56;154.84;167.96;179.16;201.88
occu,zhouhui/view1/rgb/zhouhui_view1_rgb,8,1,0,0,8,,1,3,0,5,3.48;29.72;42.52,1,2,0,6,29.72;42.52,1,4,7,4,18.2;30.04;42.84;47.32;59.8;61.72;75.8;98.84;154.52;155.16;162.84
occu,zhouhui/view2/rgb/zhouhui_view2_rgb,8,1,6,2,2,2.52;15.0;55.0;66.84;85.08;97.56;134.04;156.44,1,5,0,3,2.52;14.68;28.76;41.56;66.52,1,8,0,0,2.52;14.68;28.44;41.56;54.68;66.84;84.76;97.88,1,0,0,8,
OOPS,falls/25BestTrampolineFailNominees-FailArmyHallofFameJuly201724,1,1,0,0,1,,1,0,0,1,,1,0,0,1,,1,0,0,1,
OOPS,falls/25BestTrampolineFailNominees-FailArmyHallofFameJuly20176,2,0,0,0,2,,1,2,0,0,3.48;9.24,1,2,0,0,2.52;8.92,1,2,3,0,2.52;3.48;4.12;8.92;10.84
OOPS,falls/29BestWorkFailNominees-FailArmyHallofFameAugust201713,1,1,0,0,1,,1,1,0,0,4.12,1,1,0,0,4.12,1,0,0,1,
OOPS,falls/29BestWorkFailNominees-FailArmyHallofFameAugust201722,0,1,0,0,0,,1,0,0,0,,1,0,1,0,3.16,1,0,0,0,
OOPS,falls/29BestWorkFailNominees-FailArmyHallofFameAugust201728,0,0,0,0,0,,1,0,0,0,,1,0,0,0,,1,0,0,0,
OOPS,falls/29BestWorkFailNominees-FailArmyHallofFameAugust20175,1,1,0,0,1,,1,0,1,1,8.28,1,0,1,1,8.28,1,0,1,1,8.28
OOPS,falls/29HilariousInstantKarmaFailNominees-FailArmyHallofFame0,1,0,0,0,1,,1,0,0,1,,1,0,0,1,,1,0,0,1,
OOPS,falls/29HilariousInstantKarmaFailNominees-FailArmyHallofFame26,1,1,1,0,0,4.44,1,0,0,1,,1,1,1,0,3.8;4.44,1,1,0,0,3.8
OOPS,falls/29HilariousInstantKarmaFailNominees-FailArmyHallofFame41,1,1,1,0,0,5.72,1,0,1,1,5.08,1,0,1,1,5.4,1,0,1,1,5.08
OOPS,falls/31BackToSchoolFailNominees-FailArmyHallofFameSeptember201740,1,1,0,0,1,,1,0,1,1,12.44,1,0,1,1,12.12,1,1,0,0,5.4
OOPS,falls/31BackToSchoolFailNominees-FailArmyHallofFameSeptember201743,1,1,0,0,1,,1,0,0,1,,1,0,0,1,,1,0,0,1,
OOPS,falls/31SeniorCitizenFails-FailArmyHallofFameSeptember201719,1,1,0,0,1,,1,0,0,1,,1,0,0,1,,1,1,0,0,4.76
OOPS,falls/34FunnyKidNominees-FailArmyHallOfFameMay201729,0,1,0,0,0,,1,0,0,0,,1,0,0,0,,1,0,0,0,
OOPS,falls/34FunnyKidNominees-FailArmyHallOfFameMay20179,0,1,0,1,0,3.8,1,0,1,0,3.48,1,0,1,0,3.8,1,0,1,0,3.48
OOPS,falls/34WorkoutFailNominees-FailArmyHallOfFameApril201716,1,1,0,0,1,,1,1,0,0,7.64,1,1,2,0,3.16;7.32;10.52,1,1,0,0,7.32
OOPS,falls/38ParkourFailNominees-FailArmyHallOfFameMay20176,2,1,0,0,2,,1,1,0,1,9.24,1,2,0,0,3.16;9.24,1,0,0,2,
OOPS,falls/ABoatloadofFails-ThrowbackFailsNovember2017_FailArmy15,2,1,1,0,1,4.12,1,1,0,1,3.8,1,1,0,1,3.8,1,0,0,2,
OOPS,falls/ABoatloadofFails-ThrowbackFailsNovember2017_FailArmy18,1,0,0,0,1,,1,0,0,1,,1,0,0,1,,1,0,0,1,
OOPS,falls/AChristmasMiracle-FailsYouMissed21December2017_FailArmy3,0,1,0,0,0,,1,0,0,0,,1,0,0,0,,1,0,0,0,
OOPS,falls/AChristmasMiracle-FailsYouMissed21December2017_FailArmy38,1,1,1,0,0,9.88,1,1,0,0,9.24,1,0,0,1,,1,0,0,1,
OOPS,falls/AChristmasMiracle-FailsYouMissed21December2017_FailArmy80,1,1,0,0,1,,1,0,0,1,,1,0,0,1,,1,0,0,1,
OOPS,falls/AlleyOOPS-FailsoftheWeekOctober201710,1,0,0,0,1,,1,0,0,1,,1,0,0,1,,1,1,0,0,4.44
OOPS,falls/AlleyOOPS-FailsoftheWeekOctober20178,1,1,1,1,0,2.52;3.8,1,1,0,0,2.52,1,1,0,0,2.52,1,0,0,1,
OOPS,falls/AlwaysWearYourHelmet-FailsoftheWeekJuly2018_FailArmy11,1,0,0,0,1,,1,0,0,1,,1,0,0,1,,1,0,2,1,30.36;39.64
OOPS,falls/AmericanFailsJuly2017_FailArmy27,2,0,0,0,2,,1,0,0,2,,1,0,0,2,,1,0,0,2,
OOPS,falls/AmericanFailsJuly2017_FailArmy30,3,1,2,0,1,16.92;24.92,1,2,1,1,6.04;16.28;23.64,1,3,0,0,6.36;16.28;23.32,1,3,3,0,6.36;10.84;16.28;16.92;22.68;23.32
OOPS,falls/AngerManagement-FailsoftheWeekJanuary2019_FailArmy15,2,1,0,0,2,,1,0,2,2,4.12;19.8,1,0,1,2,21.4,1,1,1,1,25.24;28.12
OOPS,falls/AngerManagement-FailsoftheWeekJanuary2019_FailArmy26,1,1,0,0,1,,1,1,0,0,10.52,1,0,0,1,,1,0,0,1,
OOPS,falls/AngerManagement-FailsoftheWeekJanuary2019_FailArmy29,2,1,1,0,1,19.16,1,0,0,2,,1,0,0,2,,1,1,0,1,19.48
OOPS,falls/AntsAreMarching-FailsoftheMonthOctober2017_FailArmy7,1,1,0,0,1,,1,1,0,0,2.52,1,1,0,0,2.52,1,0,0,1,
OOPS,falls/AreYouSerious-ThrowbackThursdaySeptember2017_FailArmy10,1,1,0,0,1,,1,1,0,0,5.4,1,1,2,0,3.16;4.76;8.28,1,1,0,0,5.72
OOPS,falls/AreYouSerious-ThrowbackThursdaySeptember2017_FailArmy37,1,1,1,0,0,5.08,1,1,0,0,4.76,1,1,0,0,4.76,1,1,0,0,5.08
OOPS,falls/AreYouSerious-ThrowbackThursdaySeptember2017_FailArmy40,2,1,1,0,1,12.44,1,0,0,2,,1,0,1,2,15.0,1,0,0,2,
OOPS,falls/AreYouSerious-ThrowbackThursdaySeptember2017_FailArmy46,1,1,1,0,0,4.76,1,1,0,0,4.12,1,0,0,1,,1,1,0,0,4.12
OOPS,falls/AreYouSerious-ThrowbackThursdaySeptember2017_FailArmy51,1,1,1,0,0,2.52,1,1,0,0,2.52,1,1,0,0,2.84,1,1,0,0,2.52
OOPS,falls/AreYouSerious-ThrowbackThursdaySeptember2017_FailArmy63,2,1,1,1,1,12.44;15.32,1,1,1,1,11.8;15.0,1,1,0,1,11.8,1,2,0,0,7.64;11.8
OOPS,falls/AreYouSerious-ThrowbackThursdaySeptember2017_FailArmy75,1,0,0,0,1,,1,1,1,0,9.88;13.72,1,0,1,1,9.88,1,1,3,0,3.8;7.32;13.4;14.36
OOPS,falls/AreYouSerious-ThrowbackThursdaySeptember2017_FailArmy76,1,1,1,0,0,7.32,1,1,1,0,6.36;7.32,1,1,1,0,5.72;7.0,1,1,0,0,6.68
OOPS,falls/ArmpitWax-FailsYouMissedApril2018_201821,1,1,0,0,1,,1,0,0,1,,1,0,0,1,,1,0,0,1,
OOPS,falls/ArmpitWax-FailsYouMissedApril2018_201828,1,1,1,0,0,16.6,1,1,1,0,13.72;16.28,1,1,2,0,11.8;13.72;15.96,1,1,0,0,16.28
OOPS,falls/ArmpitWax-FailsYouMissedApril2018_201852,2,1,1,0,1,8.6,1,2,4,0,8.28;14.36;15.0;16.92;17.56;18.52,1,2,0,0,8.6;13.72,1,2,0,0,8.28;14.36
OOPS,falls/BabysStealingOutHere-FailsoftheWeek-April2017_FailArmy28,1,1,1,0,0,6.36,1,0,0,1,,1,1,0,0,6.68,1,1,0,0,5.72
OOPS,falls/BabysStealingOutHere-FailsoftheWeek-April2017_FailArmy45,2,1,0,0,2,,1,1,0,1,12.12,1,1,2,1,6.04;7.64;17.24,1,1,3,1,4.44;5.4;8.28;20.12
OOPS,falls/BackflippingBros-FailsoftheMonthMay2018_Failarmy6,1,1,1,0,0,3.8,1,1,0,0,3.48,1,1,0,0,3.48,1,1,1,0,3.48;4.12
OOPS,falls/BackinUSSRFebruary2019_FailArmy13,1,1,0,1,1,2.52,1,1,0,0,6.36,1,1,2,0,2.84;3.8;5.72,1,1,0,0,5.4
OOPS,falls/BackinUSSRFebruary2019_FailArmy46,1,1,0,0,1,,1,1,0,0,5.08,1,1,1,0,3.48;5.4,1,1,0,0,5.08
OOPS,falls/BackintheMud-DownandDirtyFailsOctober2018_FailArmy3,1,0,0,0,1,,1,1,1,0,3.16;4.12,1,0,1,1,2.52,1,0,0,1,
OOPS,falls/BackintheMud-DownandDirtyFailsOctober2018_FailArmy41,2,0,0,0,2,,1,2,0,0,3.48;17.88,1,2,0,0,3.16;17.24,1,2,0,0,3.8;20.44
OOPS,falls/BackintheMud-DownandDirtyFailsOctober2018_FailArmy9,1,0,0,0,1,,1,0,0,1,,1,0,0,1,,1,1,1,0,8.92;9.56
OOPS,falls/BadHairDay-FailsoftheweekApril2019_FailArmy11,1,0,0,0,1,,1,0,0,1,,1,0,0,1,,1,0,0,1,
OOPS,falls/BasketballFails-MarchMadnessMarch2017_FailArmy14,1,1,1,0,0,6.04,1,0,0,1,,1,1,0,0,6.04,1,1,0,0,5.72
OOPS,falls/BasketballFails-MarchMadnessMarch2017_FailArmy32,0,1,0,1,0,3.8,1,0,1,0,3.8,1,0,2,0,3.8;5.72,1,0,0,0,
OOPS,falls/BatsBallsFailCompilation_ByFailArmy201631,1,1,0,0,1,,1,0,0,1,,1,0,0,1,,1,0,0,1,
OOPS,falls/BatsBallsFailCompilation_ByFailArmy201649,1,1,0,0,1,,1,1,0,0,7.32,1,0,0,1,,1,1,1,0,7.0;7.64
OOPS,falls/BatsBallsFailCompilation_ByFailArmy201652,1,1,1,0,0,7.64,1,0,0,1,,1,1,0,0,7.96,1,1,0,0,7.64
OOPS,falls/Bedtime-MattressFails33,1,1,0,0,1,,1,0,0,1,,1,0,0,1,,1,0,0,1,
OOPS,falls/BeeKeeperBusiness-FailsoftheWeekNovember2018_FailArmy15,1,1,1,0,0,6.36,1,1,0,0,6.68,1,1,0,0,5.72,1,1,0,0,5.72
OOPS,falls/BeeKeeperBusiness-FailsoftheWeekNovember2018_FailArmy2,1,0,0,0,1,,1,1,0,0,4.44,1,0,0,1,,1,0,0,1,
OOPS,falls/BeeKeeperBusiness-FailsoftheWeekNovember2018_FailArmy31,2,0,0,0,2,,1,1,2,1,6.68;21.72;26.2,1,0,1,2,45.72,1,1,4,1,6.36;8.6;11.8;26.2;45.08
OOPS,falls/BeeKeeperBusiness-FailsoftheWeekNovember2018_FailArmy34,2,1,2,0,0,4.44;11.48,1,1,0,1,4.12,1,2,1,0,4.12;10.52;11.8,1,2,0,0,4.12;10.84
OOPS,falls/BeeKeeperBusiness-FailsoftheWeekNovember2018_FailArmy4,1,1,0,0,1,,1,1,0,0,3.48,1,1,0,0,3.16,1,1,1,0,2.52;3.48
OOPS,falls/BendYourKnees-FailsoftheWeekSeptember2017_FailArmy33,1,1,1,0,0,2.84,1,1,0,0,2.52,1,1,0,0,2.84,1,1,0,0,2.52
OOPS,falls/BendYourKnees-FailsoftheWeekSeptember2017_FailArmy49,1,1,1,0,0,3.48,1,1,1,0,3.8;4.44,1,1,0,0,2.84,1,1,1,0,3.8;5.08
OOPS,falls/BendYourKnees-FailsoftheWeekSeptember2017_FailArmy53,1,1,0,0,1,,1,1,1,0,2.84;3.48,1,1,2,0,2.52;7.64;9.56,1,1,1,0,3.48;5.72
OOPS,falls/BestFailoftheWeek-BadKittyApril2018_FailArmy22,1,1,0,0,1,,1,0,0,1,,1,1,0,0,2.52,1,0,0,1,
OOPS,falls/BestFailoftheWeek-BadKittyApril2018_FailArmy31,1,0,0,0,1,,1,1,0,0,2.84,1,0,0,1,,1,1,1,0,4.44;5.72
OOPS,falls/BestFailsOfTheMonth-ICantHearFebruary2018_FailArmy15,1,0,0,0,1,,1,1,1,0,3.8;6.04,1,1,0,0,3.8,1,1,1,0,4.12;5.08
OOPS,falls/BestFailsOfTheMonth-ICantHearFebruary2018_FailArmy5,1,1,1,0,0,6.68,1,1,0,0,6.68,1,1,1,0,4.76;6.36,1,1,3,0,6.36;11.8;12.44;13.4
OOPS,falls/BestFailsofWeek1July2016_FailArmy18,1,1,1,0,0,5.4,1,1,0,0,4.76,1,1,0,0,4.44,1,1,0,0,4.44
OOPS,falls/BestFailsofWeek1July2016_FailArmy40,1,1,0,0,1,,1,1,0,0,7.32,1,0,0,1,,1,1,1,0,7.32;8.28
OOPS,falls/BestFailsofWeek1July2016_FailArmy5,1,1,1,0,0,4.12,1,1,0,0,3.8,1,1,0,0,4.12,1,1,0,0,4.12
OOPS,falls/BestFailsofWeek1July2016_FailArmy57,1,1,1,1,0,2.52;5.72,1,0,0,1,,1,1,0,0,5.4,1,0,1,1,2.52
OOPS,falls/BestFailsofWeek1July2016_FailArmy6,1,1,0,0,1,,1,0,0,1,,1,0,0,1,,1,0,0,1,
OOPS,falls/BestFailsofWeek1July2016_FailArmy8,0,1,0,0,0,,1,0,1,0,5.4,1,0,1,0,3.48,1,0,1,0,5.72
OOPS,falls/BestFailsofWeek2July2016_FailArmy23,1,1,1,0,0,6.36,1,1,0,0,7.0,1,1,0,0,6.68,1,1,0,0,6.68
OOPS,falls/BestFailsofWeek2July2016_FailArmy34,1,1,0,0,1,,1,1,0,0,4.76,1,0,0,1,,1,1,0,0,4.76
OOPS,falls/BestFailsofWeek2June2016_FailArmy16,0,1,0,0,0,,1,0,0,0,,1,0,1,0,5.72,1,0,0,0,
OOPS,falls/BestFailsofWeek2June2016_FailArmy34,1,1,1,0,0,2.52,1,0,0,1,,1,0,0,1,,1,0,0,1,
OOPS,falls/BestFailsofWeek3June2016_FailArmy57,1,1,0,0,1,,1,0,0,1,,1,1,2,0,6.68;8.28;9.24,1,0,0,1,
OOPS,falls/BestFailsofWeek4June2016_FailArmy25,1,1,1,0,0,3.48,1,1,0,0,2.84,1,1,0,0,2.84,1,1,0,0,3.16
OOPS,falls/BestFailsofWeek4June2016_FailArmy56,1,1,1,0,0,8.6,1,1,0,0,8.28,1,1,0,0,8.28,1,1,0,0,8.28
OOPS,falls/BestFailsoftheMonth-DrivingMeCrazyJanuary2018_FailArmy14,1,0,0,0,1,,1,0,0,1,,1,1,1,0,5.72;8.6,1,1,0,0,5.72
OOPS,falls/BestFailsoftheMonth-DrivingMeCrazyJanuary2018_FailArmy17,1,1,1,0,0,7.0,1,1,0,0,6.68,1,1,1,0,2.52;6.68,1,1,0,0,6.68
OOPS,falls/BestFailsoftheMonth-DrivingMeCrazyJanuary2018_FailArmy42,1,1,1,0,0,2.84,1,1,0,0,2.84,1,1,0,0,2.84,1,1,0,0,2.84
OOPS,falls/BestFailsoftheMonth-DrivingMeCrazyJanuary2018_FailArmy45,1,0,0,0,1,,1,0,0,1,,1,0,0,1,,1,0,0,1,
OOPS,falls/BestFailsoftheMonth-IsThisRegulationSizeMarch2018_FailArmy3,1,1,0,0,1,,1,1,0,0,6.04,1,1,2,0,4.12;4.76;18.84,1,1,0,0,6.04
OOPS,falls/BestFailsoftheMonth-IsThisRegulationSizeMarch2018_FailArmy4,1,0,0,0,1,,1,1,0,0,4.44,1,1,0,0,4.76,1,1,0,0,4.76
OOPS,falls/BestFailsoftheMonthApril2016_FailArmy0,0,1,0,0,0,,1,0,0,0,,1,0,0,0,,1,0,0,0,
OOPS,falls/BestFailsoftheMonthApril2016_FailArmy11,1,1,1,0,0,6.36,1,1,0,0,6.04,1,1,0,0,6.36,1,1,0,0,6.04
OOPS,falls/BestFailsoftheMonthApril2016_FailArmy20,1,1,1,0,0,5.4,1,1,0,0,5.08,1,1,0,0,5.08,1,1,0,0,4.76
OOPS,falls/BestFailsoftheMonthFebruary2016_Babe_YoureActuallyCrazyFailArmy0,0,1,0,0,0,,1,0,0,0,,1,0,0,0,,1,0,0,0,
OOPS,falls/BestFailsoftheMonthFebruary2016_Babe_YoureActuallyCrazyFailArmy34,1,1,1,0,0,3.48,1,1,0,0,2.52,1,1,0,0,3.16,1,1,0,0,2.52
OOPS,falls/BestFailsoftheMonthFebruary2016_Babe_YoureActuallyCrazyFailArmy40,2,1,1,1,1,13.72;23.32,1,1,1,1,12.12;23.32,1,0,1,2,11.8,1,2,1,0,5.4;6.36;23.32
OOPS,falls/BestFailsoftheWeek-GoHard_OrGoHomeMarch2018_FailArmy0,0,1,0,0,0,,1,0,0,0,,1,0,0,0,,1,0,1,0,2.52
OOPS,falls/BestFailsoftheWeek-GoHard_OrGoHomeMarch2018_FailArmy3,1,1,1,0,0,7.96,1,1,0,0,7.64,1,1,0,0,7.64,1,1,0,0,7.96
OOPS,falls/BestFailsoftheWeek-GoHard_OrGoHomeMarch2018_FailArmy9,1,1,1,0,0,5.08,1,1,0,0,4.76,1,1,0,0,4.76,1,1,0,0,4.76
OOPS,falls/BestFailsoftheWeek-IsWinterDoneYetJanuary2018_FailArmy16,0,1,0,0,0,,1,0,0,0,,1,0,0,0,,1,0,0,0,
OOPS,falls/BestFailsoftheWeek-IsWinterDoneYetJanuary2018_FailArmy23,0,1,0,0,0,,1,0,0,0,,1,0,0,0,,1,0,0,0,
OOPS,falls/BestFailsoftheWeek-IsWinterDoneYetJanuary2018_FailArmy39,2,1,2,0,0,2.52;3.48,1,1,0,1,2.52,1,0,0,2,,1,1,0,1,2.52
OOPS,falls/BestFailsoftheWeek-IsWinterDoneYetJanuary2018_FailArmy44,1,1,1,0,0,4.12,1,1,0,0,3.8,1,1,0,0,3.8,1,1,0,0,3.48
OOPS,falls/BestFailsoftheWeek-ItsRainingInsideFebruary2018_FailArmy20,0,0,0,0,0,,1,0,1,0,7.64,1,0,1,0,7.32,1,0,2,0,6.68;7.32
OOPS,falls/BestFailsoftheWeek-ItsRainingInsideFebruary2018_FailArmy44,1,1,0,0,1,,1,1,0,0,3.16,1,0,0,1,,1,1,1,0,3.16;3.8
OOPS,falls/BestFailsoftheWeek-NoBaseballInsideDecember2017_FailArmy22,1,1,0,0,1,,1,1,0,0,9.56,1,1,0,0,9.56,1,1,1,0,9.24;10.52
OOPS,falls/BestFailsoftheWeek-SnowmobilesOverWaterMarch2018_FailArmy21,1,1,1,1,0,3.8;10.52,1,1,1,0,3.48;10.2,1,1,1,0,3.16;9.88,1,1,3,0,3.16;5.4;10.2;11.48
OOPS,falls/BestFailsoftheWeek-SnowmobilesOverWaterMarch2018_FailArmy25,1,0,0,0,1,,1,1,0,0,6.36,1,1,0,0,6.36,1,1,0,0,6.36
OOPS,falls/BestFailsoftheWeek-SnowmobilesOverWaterMarch2018_FailArmy41,1,0,0,0,1,,1,0,0,1,,1,0,0,1,,1,0,0,1,
OOPS,falls/BestFailsoftheWeek-SnowmobilesOverWaterMarch2018_FailArmy42,1,1,0,0,1,,1,0,0,1,,1,1,0,0,7.0,1,1,0,0,7.32
OOPS,falls/BestFailsoftheWeek-T-RexCanShredFebruary2018_FailArmy36,1,1,1,0,0,3.8,1,1,0,0,3.8,1,1,0,0,4.12,1,1,0,0,3.8
OOPS,falls/BestFailsoftheWeek-T-RexCanShredFebruary2018_FailArmy42,1,0,0,0,1,,1,1,1,0,3.48;4.44,1,1,0,0,3.8,1,1,0,0,3.48
OOPS,falls/BestFailsoftheWeek-T-RexCanShredFebruary2018_FailArmy48,1,1,1,0,0,4.12,1,1,0,0,3.8,1,1,0,0,3.48,1,1,0,0,3.8
OOPS,falls/BestFailsoftheWeek-T-RexCanShredFebruary2018_FailArmy9,2,0,0,0,2,,1,1,0,1,4.44,1,1,0,1,4.44,1,2,1,0,4.44;10.84;11.8
OOPS,falls/BestFailsoftheWeek-TheEaglesAreChampsFebruary2018_FailArmy11,1,1,1,0,0,4.12,1,1,0,0,3.8,1,1,0,0,3.8,1,1,0,0,3.8
OOPS,falls/BestFailsoftheWeek-TheEaglesAreChampsFebruary2018_FailArmy14,1,1,0,0,1,,1,1,0,0,4.44,1,1,1,0,4.44;19.48,1,1,1,0,4.44;7.0
OOPS,falls/BestFailsoftheWeek-TheEaglesAreChampsFebruary2018_FailArmy23,1,0,0,0,1,,1,1,0,0,4.44,1,1,0,0,4.44,1,1,0,0,4.44
OOPS,falls/BestFailsoftheWeek-WatchItDronesMay2018_FailArmy14,2,1,0,0,2,,1,2,3,0,2.52;7.64;15.0;17.24;18.52,1,1,0,1,15.0,1,1,2,1,7.64;15.0;19.48
OOPS,falls/BestFailsoftheWeek-WatchItDronesMay2018_FailArmy24,1,1,1,0,0,3.8,1,1,0,0,3.48,1,0,0,1,,1,1,0,0,3.48
OOPS,falls/BestFailsoftheWeek-WatchItDronesMay2018_FailArmy8,1,1,0,0,1,,1,0,0,1,,1,0,0,1,,1,0,0,1,
OOPS,falls/BestFailsoftheWeek1April2016_YouKnewThatWasGoingToHappenFailArmy25,1,1,0,0,1,,1,0,0,1,,1,0,0,1,,1,0,0,1,
OOPS,falls/BestFailsoftheWeek1April2016_YouKnewThatWasGoingToHappenFailArmy45,1,1,0,0,1,,1,0,0,1,,1,0,0,1,,1,0,0,1,
OOPS,falls/BestFailsoftheWeek1June2016_FailArmy41,1,1,1,0,0,6.36,1,1,0,0,6.36,1,1,0,0,5.72,1,1,0,0,7.0
OOPS,falls/BestFailsoftheWeek1June2016_FailArmy6,1,1,0,0,1,,1,0,0,1,,1,1,0,0,8.92,1,1,2,0,5.4;6.04;8.92
OOPS,falls/BestFailsoftheWeek1March2016_WTFWasthatbyFailArmy4,0,1,0,0,0,,1,0,1,0,5.72,1,0,1,0,5.08,1,0,0,0,
OOPS,falls/BestFailsoftheWeek1May2016_ThatSquirrelJustAttackedMebyFailArmy75,1,1,1,0,0,4.12,1,1,0,0,3.8,1,1,0,0,3.8,1,1,0,0,6.04
OOPS,falls/BestFailsoftheWeek2April2016_IKnewThatWasaBadIdeabyFailArmy0,1,1,1,0,0,5.4,1,0,0,1,,1,1,1,0,3.48;7.0,1,0,0,1,
OOPS,falls/BestFailsoftheWeek2April2016_IKnewThatWasaBadIdeabyFailArmy15,0,1,0,0,0,,1,0,0,0,,1,0,1,0,4.44,1,0,0,0,
OOPS,falls/BestFailsoftheWeek2April2016_IKnewThatWasaBadIdeabyFailArmy16,1,0,0,0,1,,1,0,0,1,,1,0,0,1,,1,0,0,1,
OOPS,falls/BestFailsoftheWeek2April2016_IKnewThatWasaBadIdeabyFailArmy24,1,1,0,0,1,,1,0,0,1,,1,0,0,1,,1,0,0,1,
OOPS,falls/BestFailsoftheWeek2April2016_IKnewThatWasaBadIdeabyFailArmy27,2,1,0,0,2,,1,1,0,1,3.16,1,2,0,0,3.16;6.36,1,0,0,2,
OOPS,falls/BestFailsoftheWeek2April2016_IKnewThatWasaBadIdeabyFailArmy37,1,1,1,0,0,4.12,1,1,0,0,3.48,1,1,0,0,3.8,1,1,0,0,3.16
OOPS,falls/BestFailsoftheWeek2February2016_FailArmy8,3,1,1,0,2,26.52,1,3,0,0,26.52;29.4;34.84,1,2,2,1,2.52;15.0;26.2;34.84,1,1,0,2,26.52
OOPS,falls/BestFailsoftheWeek2March2016_IThinkWeGotWhatWereLookingForbyFailArmy5,1,1,1,0,0,3.16,1,1,0,0,2.84,1,1,0,0,2.84,1,1,0,0,3.16
OOPS,falls/BestFailsoftheWeek2March2016_IThinkWeGotWhatWereLookingForbyFailArmy51,1,1,1,0,0,8.6,1,1,0,0,8.28,1,1,0,0,8.28,1,1,0,0,8.28
OOPS,falls/BestFailsoftheWeek2March2016_IThinkWeGotWhatWereLookingForbyFailArmy52,1,1,0,0,1,,1,0,0,1,,1,0,0,1,,1,1,0,0,5.4
OOPS,falls/BestFailsoftheWeek2March2016_IThinkWeGotWhatWereLookingForbyFailArmy7,1,1,0,0,1,,1,0,0,1,,1,0,0,1,,1,0,0,1,
OOPS,falls/BestFailsoftheWeek2March2016_IThinkWeGotWhatWereLookingForbyFailArmy8,1,1,0,1,1,20.44,1,0,1,1,20.12,1,0,2,1,17.88;19.48,1,0,1,1,19.48
OOPS,falls/BestFailsoftheWeek2May2016_FailArmyThatWasAnEpicFailSam13,1,1,0,0,1,,1,1,0,0,7.0,1,1,0,0,7.0,1,1,0,0,7.0
OOPS,falls/BestFailsoftheWeek2May2016_FailArmyThatWasAnEpicFailSam74,1,1,1,0,0,2.52,1,1,0,0,2.52,1,1,0,0,2.52,1,1,0,0,2.52
OOPS,falls/BestFailsoftheWeek2May2016_FailArmyThatWasAnEpicFailSam79,1,1,1,0,0,2.84,1,1,1,0,2.52;3.48,1,1,0,0,2.52,1,1,0,0,2.52
OOPS,falls/BestFailsoftheWeek3April2016_FailArmy13,0,0,0,0,0,,1,0,0,0,,1,0,0,0,,1,0,1,0,5.4
OOPS,falls/BestFailsoftheWeek3April2016_FailArmy21,0,1,0,0,0,,1,0,0,0,,1,0,0,0,,1,0,0,0,
OOPS,falls/BestFailsoftheWeek3April2016_FailArmy32,1,1,0,0,1,,1,1,0,0,6.68,1,0,0,1,,1,0,0,1,
OOPS,falls/BestFailsoftheWeek3April2016_FailArmy7,1,1,1,0,0,3.48,1,1,0,0,3.16,1,1,0,0,3.16,1,1,0,0,3.16
OOPS,falls/BestFailsoftheWeek3February2016_ImOK_WheresmyJetskiFailArmy0,1,1,1,0,0,7.32,1,1,0,0,7.0,1,0,0,1,,1,1,1,0,7.0;8.6
OOPS,falls/BestFailsoftheWeek3February2016_ImOK_WheresmyJetskiFailArmy20,1,1,1,0,0,4.44,1,1,0,0,4.44,1,1,1,0,2.84;4.12,1,1,0,0,4.76
OOPS,falls/BestFailsoftheWeek3February2016_ImOK_WheresmyJetskiFailArmy21,1,1,0,0,1,,1,0,0,1,,1,0,0,1,,1,0,0,1,
OOPS,falls/BestFailsoftheWeek3February2016_ImOK_WheresmyJetskiFailArmy37,1,1,1,1,0,3.8;6.68,1,1,0,0,3.8,1,0,0,1,,1,1,0,0,4.12
OOPS,falls/BestFailsoftheWeek3February2016_ImOK_WheresmyJetskiFailArmy46,1,0,0,0,1,,1,1,0,0,6.36,1,1,0,0,6.36,1,1,3,0,6.36;7.96;9.24;10.84
OOPS,falls/BestFailsoftheWeek3February2016_ImOK_WheresmyJetskiFailArmy5,1,1,1,0,0,6.36,1,1,0,0,6.36,1,1,0,0,6.36,1,1,0,0,6.36
OOPS,falls/BestFailsoftheWeek3March2016_YouAreAnEpicFailbyFailArmy24,1,1,0,0,1,,1,1,0,0,3.48,1,1,1,0,2.52;3.48,1,1,0,0,3.8
OOPS,falls/BestFailsoftheWeek3May2016_FailArmy20,1,1,0,0,1,,1,0,0,1,,1,0,0,1,,1,1,0,0,8.92
OOPS,falls/BestFailsoftheWeek3May2016_FailArmy32,0,1,0,0,0,,1,0,0,0,,1,0,0,0,,1,0,0,0,
OOPS,falls/BestFailsoftheWeek3May2016_FailArmy53,0,1,0,2,0,2.84;3.8,1,0,1,0,3.16,1,0,1,0,3.48,1,0,0,0,
OOPS,falls/BestFailsoftheWeek3May2016_FailArmy70,0,1,0,0,0,,1,0,0,0,,1,0,0,0,,1,0,0,0,
OOPS,falls/BestFailsoftheWeek3May2016_FailArmy87,1,1,1,0,0,5.72,1,0,0,1,,1,0,0,1,,1,1,2,0,5.4;6.68;7.64
OOPS,falls/BestFailsoftheWeek3May2016_FailArmy88,1,0,0,0,1,,1,0,1,1,2.84,1,0,1,1,3.16,1,0,0,1,
OOPS,falls/BestFailsoftheWeek4March2016_NotTodayFailArmy27,0,1,0,0,0,,1,0,0,0,,1,0,0,0,,1,0,0,0,
OOPS,falls/BestFailsoftheYear-Part12018_FailArmy41,2,1,1,1,1,5.08;13.4,1,2,1,0,8.6;13.08;16.92,1,2,0,0,8.28;13.08,1,1,1,1,13.08;16.92
OOPS,falls/BestFailsoftheYear-Part12018_FailArmy48,1,0,0,0,1,,1,1,0,0,10.84,1,1,0,0,10.52,1,1,0,0,10.52
OOPS,falls/BestFailsoftheYear-Part22018_FailArmy10,1,1,1,0,0,6.36,1,1,0,0,7.32,1,1,0,0,6.36,1,0,0,1,
OOPS,falls/BestFailsoftheYear-Part22018_FailArmy22,1,0,0,0,1,,1,1,0,0,7.32,1,1,0,0,7.64,1,1,0,0,7.64
OOPS,falls/BestFailsoftheYear-Part22018_FailArmy41,1,1,1,0,0,7.0,1,1,0,0,6.36,1,0,0,1,,1,0,0,1,
OOPS,falls/BestFailsoftheYear-Part22018_FailArmy51,1,1,0,0,1,,1,1,0,0,6.04,1,1,0,0,6.04,1,1,1,0,5.72;6.36
OOPS,falls/BestFailsoftheYear2016SoFar_FailArmyFailCompilation16,1,1,0,0,1,,1,0,0,1,,1,0,0,1,,1,0,0,1,
OOPS,falls/BestFailsoftheYear2016SoFar_FailArmyFailCompilation20,1,1,0,0,1,,1,0,0,1,,1,0,0,1,,1,0,0,1,
OOPS,falls/BestFailsoftheYear2016SoFar_FailArmyFailCompilation37,1,1,1,0,0,3.16,1,1,0,0,3.48,1,1,0,0,3.16,1,1,0,0,3.16
OOPS,falls/BestFailsoftheYear2016SoFar_FailArmyFailCompilation44,1,1,0,0,1,,1,0,0,1,,1,0,0,1,,1,0,0,1,
OOPS,falls/BestFailsoftheYear2016SoFar_FailArmyFailCompilation59,1,1,1,0,0,7.64,1,1,0,0,8.6,1,1,1,0,7.0;8.6,1,0,0,1,
OOPS,falls/BestFailsoftheYear2017-Part1December2017_FailArmy27,1,1,0,0,1,,1,1,0,0,4.44,1,1,0,0,4.44,1,0,0,1,
OOPS,falls/BestFailsoftheYear2017-Part1December2017_FailArmy57,1,0,0,0,1,,1,1,2,0,5.4;6.36;17.24,1,0,3,1,9.88;14.36;15.64,1,1,1,0,5.4;9.88
OOPS,falls/BestFailsoftheYear2017-Part1December2017_FailArmy6,1,1,1,0,0,6.36,1,1,0,0,5.72,1,1,0,0,6.04,1,1,0,0,6.04
OOPS,falls/BestFailsoftheYear2017-Part1December2017_FailArmy79,0,0,0,0,0,,1,0,0,0,,1,0,0,0,,1,0,0,0,
OOPS,falls/BestFailsoftheYear2017-Part1December2017_FailArmy84,1,1,1,1,0,6.36;7.0,1,1,0,0,7.0,1,1,0,0,6.68,1,1,0,0,7.0
OOPS,falls/BestFailsoftheYear2017-Part2December2017_FailArmy58,2,1,2,1,0,3.16;10.2;11.16,1,2,0,0,3.16;9.56,1,2,2,0,2.84;9.56;10.84;11.48,1,2,1,0,2.84;9.88;10.52
OOPS,falls/BestFailsoftheYear2017-Part2December2017_FailArmy74,1,1,0,0,1,,1,1,0,0,3.48,1,0,0,1,,1,1,0,0,3.16
OOPS,falls/BestFailsoftheYear2017-Part2December2017_FailArmy87,1,0,0,0,1,,1,0,0,1,,1,0,0,1,,1,1,2,0,2.52;5.4;6.04
OOPS,falls/BestFailsoftheYear2017SoFar_FailArmy24,1,1,1,0,0,3.16,1,1,0,0,3.16,1,1,0,0,2.84,1,0,0,1,
OOPS,falls/BestFailsoftheYear2017SoFar_FailArmy43,1,1,1,0,0,5.08,1,1,0,0,5.08,1,1,1,0,3.8;5.08,1,1,0,0,5.08
OOPS,falls/BestFailsoftheYear2018SoFar_FailArmy55,1,1,0,0,1,,1,0,0,1,,1,1,0,0,3.48,1,1,0,0,3.48
OOPS,falls/BestFunnyKidFailsCompilationPart2_FailArmy201615,1,0,0,0,1,,1,0,1,1,4.76,1,0,0,1,,1,1,0,0,8.28
OOPS,falls/BestFunnyKidFailsCompilationPart2_FailArmy201618,1,1,1,0,0,8.28,1,1,0,0,7.96,1,0,0,1,,1,1,0,0,7.32
OOPS,falls/BigAir-SoaringwithStyleSeptember2017_FailArmy4,1,1,1,0,0,6.68,1,1,0,0,7.32,1,1,0,0,6.36,1,1,0,0,7.32
OOPS,falls/BigAir-SoaringwithStyleSeptember2017_FailArmy42,1,0,0,0,1,,1,1,0,0,6.68,1,1,0,0,6.68,1,1,1,0,7.0;7.64
OOPS,falls/BigAirFailsCompilation_IBelieveICanFlyByFailArmy201631,1,0,0,0,1,,1,0,0,1,,1,0,0,1,,1,0,0,1,
OOPS,falls/BoatloadsofFails-ThrowbackThursdayAugust201710,1,1,1,1,0,4.44;6.36,1,0,0,1,,1,1,0,0,4.44,1,1,0,0,4.44
OOPS,falls/BoatloadsofFails-ThrowbackThursdayAugust201717,1,1,0,1,1,35.8,1,1,1,0,25.24;34.84,1,0,0,1,,1,0,3,1,6.04;14.36;36.12
OOPS,falls/BoatloadsofFails-ThrowbackThursdayAugust201728,0,1,0,0,0,,1,0,0,0,,1,0,0,0,,1,0,0,0,
OOPS,falls/BoatloadsofFails-ThrowbackThursdayAugust201736,1,1,1,0,0,6.36,1,0,0,1,,1,0,0,1,,1,0,0,1,
OOPS,falls/BoatloadsofFails-ThrowbackThursdayAugust201746,1,0,0,0,1,,1,1,0,0,7.64,1,1,0,0,7.64,1,1,0,0,7.64
OOPS,falls/BoatloadsofFails-ThrowbackThursdayAugust201756,1,1,1,0,0,4.44,1,1,0,0,4.12,1,1,0,0,4.44,1,1,0,0,4.12
OOPS,falls/BoatloadsofFails-ThrowbackThursdayAugust201789,1,0,0,0,1,,1,1,1,0,3.48;9.56,1,1,1,0,3.48;9.56,1,1,1,0,3.8;9.88
OOPS,falls/BoatloadsofFails-ThrowbackThursdayAugust201799,1,1,1,1,0,3.8;11.16,1,0,1,1,10.52,1,0,1,1,10.52,1,0,2,1,8.92;10.52
OOPS,falls/BowlingForFails-SubmissionShowApril2018_FailArmy12,1,1,1,0,0,2.52,1,1,0,0,2.52,1,1,0,0,2.52,1,1,0,0,2.52
OOPS,falls/BowlingForFails-SubmissionShowApril2018_FailArmy37,1,1,1,0,0,3.48,1,0,0,1,,1,1,0,0,3.16,1,0,0,1,
OOPS,falls/BreakYourself-FailsoftheWeekSeptember2017_FailArmy19,2,1,1,0,1,4.12,1,2,1,0,4.12;9.88;13.72,1,1,1,1,3.8;9.88,1,2,2,0,3.8;9.88;13.72;15.32
OOPS,falls/BreakYourself-FailsoftheWeekSeptember2017_FailArmy22,2,1,2,0,0,6.36;17.88,1,1,1,1,6.04;24.6,1,2,0,0,6.36;18.2,1,1,1,1,6.36;24.28
OOPS,falls/BreakYourself-FailsoftheWeekSeptember2017_FailArmy28,1,1,1,0,0,2.84,1,1,0,0,2.52,1,1,1,0,2.52;3.48,1,1,0,0,2.52
OOPS,falls/BrotherFails_BrosForLifeByFailArmy201614,1,1,1,0,0,2.52,1,1,0,0,2.52,1,1,0,0,2.52,1,1,0,0,2.52
OOPS,falls/BrotherFails_BrosForLifeByFailArmy201628,1,1,1,0,0,4.12,1,1,0,0,3.8,1,1,0,0,4.12,1,1,0,0,4.12
OOPS,falls/BrotherFails_BrosForLifeByFailArmy201638,2,1,2,1,0,2.52;8.28;23.32,1,2,1,0,8.28;17.24;23.0,1,2,1,0,7.96;23.0;25.24,1,1,1,1,11.8;23.32
OOPS,falls/BrotherFails_BrosForLifeByFailArmy201645,1,1,0,0,1,,1,0,0,1,,1,0,0,1,,1,0,0,1,
OOPS,falls/BrotherFails_BrosForLifeByFailArmy20169,1,1,1,0,0,6.68,1,0,0,1,,1,0,0,1,,1,1,0,0,6.36
OOPS,falls/CatsHatePlastic-BestFailsoftheWeek_FailArmy21,1,1,1,0,0,5.4,1,1,0,0,5.4,1,1,1,0,2.52;4.12,1,1,1,0,2.52;5.08
OOPS,falls/CatsHatePlastic-BestFailsoftheWeek_FailArmy28,1,1,1,0,0,4.44,1,1,0,0,3.8,1,1,0,0,4.12,1,1,0,0,4.12
OOPS,falls/CatsHatePlastic-BestFailsoftheWeek_FailArmy36,1,1,1,0,0,4.76,1,1,0,0,4.76,1,1,0,0,4.76,1,0,0,1,
OOPS,falls/CatsHatePlastic-BestFailsoftheWeek_FailArmy45,1,1,1,0,0,8.28,1,1,0,0,7.96,1,1,0,0,7.96,1,1,0,0,7.96
OOPS,falls/CaughtSlippin-FailsoftheWeekFebruary2019_FailArmy0,1,1,1,0,0,2.52,1,0,0,1,,1,0,0,1,,1,0,0,1,
OOPS,falls/ChristmasFailsDecember2016_FailArmy12,1,1,0,0,1,,1,0,0,1,,1,0,1,1,9.56,1,1,0,0,7.0
OOPS,falls/ClassicRedneckWaterslide-ThrowbackFailsJuly201712,1,1,0,0,1,,1,1,1,0,4.12;5.72,1,1,1,0,4.12;5.72,1,1,1,0,4.12;5.72
OOPS,falls/ClassicRedneckWaterslide-ThrowbackFailsJuly201739,1,1,1,1,0,2.52;7.0,1,1,0,0,2.52,1,1,0,0,2.52,1,1,0,0,2.52
OOPS,falls/ClassicRedneckWaterslide-ThrowbackFailsJuly201740,2,1,2,0,0,4.12;17.88,1,2,0,0,3.48;18.2,1,2,1,0,3.48;13.4;17.88,1,2,2,0,3.48;13.4;18.2;19.48
OOPS,falls/ClassicRedneckWaterslide-ThrowbackFailsJuly201741,3,1,0,0,3,,1,0,0,3,,1,2,1,1,5.4;11.8;32.28,1,2,1,1,12.12;14.68;25.88
OOPS,falls/ClassicRedneckWaterslide-ThrowbackFailsJuly201743,1,1,1,0,0,6.36,1,1,0,0,6.36,1,1,0,0,6.68,1,1,0,0,6.36
OOPS,falls/ClassicRedneckWaterslide-ThrowbackFailsJuly201766,1,0,0,0,1,,1,1,1,0,2.84;7.96,1,0,0,1,,1,1,1,0,8.92;10.2
OOPS,falls/ClassicbailsandThrowbackFailsJune2017_FailArmy21,1,1,0,0,1,,1,0,0,1,,1,0,0,1,,1,0,0,1,
OOPS,falls/ClassicbailsandThrowbackFailsJune2017_FailArmy26,2,1,2,0,0,3.8;12.12,1,2,0,0,4.12;11.8,1,2,0,0,3.8;11.8,1,1,0,1,11.8
OOPS,falls/ClassicbailsandThrowbackFailsJune2017_FailArmy32,1,1,1,0,0,3.48,1,1,0,0,2.84,1,1,0,0,2.84,1,1,0,0,2.84
OOPS,falls/ClassicbailsandThrowbackFailsJune2017_FailArmy4,1,0,0,0,1,,1,1,0,0,2.52,1,1,0,0,2.52,1,1,0,0,2.52
OOPS,falls/ClassicbailsandThrowbackFailsJune2017_FailArmy67,1,1,0,0,1,,1,0,0,1,,1,0,0,1,,1,0,0,1,
OOPS,falls/ClassicbailsandThrowbackFailsJune2017_FailArmy80,1,0,0,0,1,,1,1,0,0,4.76,1,1,0,0,4.76,1,1,0,0,4.76
OOPS,falls/ClassicbailsandThrowbackFailsJune2017_FailArmy88,1,0,0,0,1,,1,1,0,0,6.36,1,1,0,0,6.36,1,0,0,1,
OOPS,falls/ClassicbailsandThrowbackFailsJune2017_FailArmy99,1,1,0,0,1,,1,1,0,0,9.88,1,1,0,0,9.88,1,0,0,1,
OOPS,falls/ConfidenceisKey-FailsoftheWeekDecember2016_FailArmy10,1,1,1,0,0,3.48,1,1,0,0,3.16,1,1,0,0,3.16,1,1,0,0,3.48
OOPS,falls/ConfidenceisKey-FailsoftheWeekDecember2016_FailArmy3,1,0,0,0,1,,1,1,0,0,2.84,1,1,0,0,2.84,1,1,0,0,3.16
OOPS,falls/ConfidenceisKey-FailsoftheWeekDecember2016_FailArmy30,1,0,0,0,1,,1,1,0,0,2.52,1,0,0,1,,1,0,0,1,
OOPS,falls/ConfidenceisKey-FailsoftheWeekDecember2016_FailArmy4,1,1,1,0,0,4.12,1,1,0,0,3.8,1,1,0,0,3.8,1,1,0,0,4.12
OOPS,falls/CrackThatWhip-ThrowbackFailsJuly201716,0,1,0,0,0,,1,0,0,0,,1,0,0,0,,1,0,0,0,
OOPS,falls/CrackThatWhip-ThrowbackFailsJuly201722,1,1,0,0,1,,1,0,0,1,,1,0,0,1,,1,0,0,1,
OOPS,falls/CrackThatWhip-ThrowbackFailsJuly201723,1,1,0,0,1,,1,0,0,1,,1,0,0,1,,1,1,0,0,10.2
OOPS,falls/CrackThatWhip-ThrowbackFailsJuly201726,1,1,0,0,1,,1,0,0,1,,1,0,0,1,,1,0,0,1,
OOPS,falls/CrackThatWhip-ThrowbackFailsJuly201738,1,1,1,0,0,5.4,1,1,0,0,5.08,1,1,0,0,5.4,1,1,0,0,5.4
OOPS,falls/CrackThatWhip-ThrowbackFailsJuly201766,2,1,1,1,1,3.48;5.72,1,1,0,1,3.48,1,2,0,0,3.16;12.76,1,1,0,1,3.48
OOPS,falls/CrackThatWhip-ThrowbackFailsJuly201793,1,1,0,0,1,,1,0,0,1,,1,1,0,0,7.0,1,0,0,1,
OOPS,falls/DesertFails-TheSandsofFailureNovember2018_FailArmy42,1,1,1,0,0,6.68,1,1,0,0,7.32,1,1,0,0,7.32,1,1,1,0,6.36;7.32
OOPS,falls/DidntMakeTheTeam-BetterlucknexttimeSeptember2017_FailArmy13,1,1,0,0,1,,1,1,0,0,3.8,1,1,0,0,4.12,1,1,0,0,6.04
OOPS,falls/DidntMakeTheTeam-BetterlucknexttimeSeptember2017_FailArmy21,1,1,1,0,0,2.52,1,1,0,0,2.52,1,1,0,0,2.52,1,0,0,1,
OOPS,falls/DidntMakeTheTeam-BetterlucknexttimeSeptember2017_FailArmy25,1,1,0,0,1,,1,1,0,0,3.16,1,1,0,0,2.84,1,1,0,0,3.48
OOPS,falls/DidntMakeTheTeam-BetterlucknexttimeSeptember2017_FailArmy28,1,1,1,0,0,5.4,1,1,0,0,5.4,1,1,0,0,5.08,1,1,0,0,5.08
OOPS,falls/DidntMakeTheTeam-BetterlucknexttimeSeptember2017_FailArmy32,1,0,0,0,1,,1,1,0,0,4.12,1,1,0,0,4.12,1,1,0,0,4.44
OOPS,falls/DidntMakeTheTeam-BetterlucknexttimeSeptember2017_FailArmy41,1,1,0,0,1,,1,0,0,1,,1,1,0,0,6.04,1,0,0,1,
OOPS,falls/DidntMakeTheTeam-BetterlucknexttimeSeptember2017_FailArmy5,1,1,1,0,0,5.08,1,1,0,0,4.76,1,1,0,0,5.08,1,1,1,0,2.52;4.76
OOPS,falls/DidntMakeTheTeam-BetterlucknexttimeSeptember2017_FailArmy8,1,1,1,0,0,5.4,1,1,0,0,5.08,1,1,0,0,5.08,1,1,0,0,5.08
OOPS,falls/DoggoneIt-FailsYouMissed23December2017_FailArmy16,2,1,1,1,1,8.92;10.52,1,2,0,0,7.32;8.6,1,2,1,0,7.0;8.6;9.56,1,1,0,1,8.6
OOPS,falls/DoggoneIt-FailsYouMissed23December2017_FailArmy39,1,1,0,0,1,,1,1,0,0,2.84,1,1,0,0,2.52,1,1,0,0,2.84
OOPS,falls/DontBeSuchaBaby-KidFailsSeptember2018_FailArmy20,1,1,1,0,0,2.84,1,1,0,0,2.52,1,1,0,0,2.52,1,1,0,0,2.52
OOPS,falls/DontBeSuchaBaby-KidFailsSeptember2018_FailArmy21,1,1,1,0,0,10.52,1,0,0,1,,1,0,0,1,,1,0,0,1,
OOPS,falls/DontBeSuchaBaby-KidFailsSeptember2018_FailArmy23,1,1,0,0,1,,1,0,0,1,,1,0,1,1,10.84,1,0,0,1,
OOPS,falls/DontBeSuchaBaby-KidFailsSeptember2018_FailArmy27,1,1,1,0,0,27.16,1,1,0,0,26.84,1,0,0,1,,1,1,0,0,26.52
OOPS,falls/DontBeSuchaBaby-KidFailsSeptember2018_FailArmy28,1,1,0,0,1,,1,0,0,1,,1,0,0,1,,1,0,0,1,
OOPS,falls/DontBeSuchaBaby-KidFailsSeptember2018_FailArmy30,1,1,0,0,1,,1,0,0,1,,1,1,1,0,6.04;10.2,1,1,0,0,10.2
OOPS,falls/DontGetZapped-ThrowbackThursdayAugust2017122,1,1,0,0,1,,1,0,0,1,,1,1,0,0,2.52,1,0,0,1,
OOPS,falls/DontGetZapped-ThrowbackThursdayAugust201722,1,1,0,1,1,2.52,1,0,0,1,,1,1,0,0,3.8,1,0,0,1,
OOPS,falls/DontGetZapped-ThrowbackThursdayAugust201738,1,1,1,0,0,2.52,1,1,0,0,2.52,1,1,0,0,2.52,1,1,0,0,2.52
OOPS,falls/DontGetZapped-ThrowbackThursdayAugust201745,1,1,0,0,1,,1,0,0,1,,1,1,0,0,3.48,1,1,1,0,4.44;5.4
OOPS,falls/DontGetZapped-ThrowbackThursdayAugust201761,1,1,1,0,0,4.76,1,1,0,0,4.76,1,1,1,0,2.52;4.44,1,1,0,0,4.44
OOPS,falls/DontGetZapped-ThrowbackThursdayAugust201775,2,1,1,1,1,3.48;7.0,1,1,0,1,3.48,1,1,0,1,3.48,1,2,0,0,3.48;9.24
OOPS,falls/DontGetZapped-ThrowbackThursdayAugust201782,1,1,1,0,0,4.12,1,1,0,0,2.84,1,1,0,0,2.52,1,1,0,0,2.84
OOPS,falls/DontGetZapped-ThrowbackThursdayAugust201784,1,1,0,0,1,,1,0,0,1,,1,0,0,1,,1,0,0,1,
OOPS,falls/DontGetZapped-ThrowbackThursdayAugust201787,1,1,1,0,0,4.44,1,1,0,0,4.12,1,0,0,1,,1,0,0,1,
OOPS,falls/DontGetZapped-ThrowbackThursdayAugust201788,2,1,2,0,0,3.48;8.92,1,2,0,0,3.8;8.6,1,2,0,0,3.8;8.92,1,2,2,0,3.48;8.6;10.2;10.84
OOPS,falls/DontGetZapped-ThrowbackThursdayAugust201789,2,1,1,0,1,3.16,1,1,0,1,3.48,1,1,0,1,3.48,1,1,0,1,3.16
OOPS,falls/DontRocktheBoat-ThrowbackFailsFebruary2018_FailArmy17,0,1,0,0,0,,1,0,0,0,,1,0,0,0,,1,0,0,0,
OOPS,falls/DontRocktheBoat-ThrowbackFailsFebruary2018_FailArmy26,1,1,0,0,1,,1,1,0,0,9.24,1,0,0,1,,1,0,0,1,
OOPS,falls/DontRocktheBoat-ThrowbackFailsJuly201722,1,0,0,0,1,,1,1,3,0,2.52;4.12;6.04;7.64,1,1,2,0,2.84;6.04;7.64,1,1,1,0,2.84;7.64
OOPS,falls/DontRocktheBoat-ThrowbackFailsJuly201734,2,0,0,0,2,,1,1,0,1,5.08,1,1,0,1,4.76,1,1,0,1,5.08
OOPS,falls/DontRocktheBoat-ThrowbackFailsJuly201741,1,1,0,0,1,,1,0,0,1,,1,0,0,1,,1,0,0,1,
OOPS,falls/DontRocktheBoat-ThrowbackFailsJuly201742,1,1,0,0,1,,1,0,1,1,2.52,1,0,0,1,,1,0,0,1,
OOPS,falls/DontRocktheBoat-ThrowbackFailsJuly201781,3,1,1,1,2,19.48;49.88,1,2,0,1,31.64;48.92,1,2,3,1,23.0;31.64;48.92;50.2;50.84,1,2,4,1,19.16;25.56;32.28;32.92;48.6;50.84
OOPS,falls/DontRocktheBoat-ThrowbackFailsJuly201784,2,1,2,1,0,5.72;7.32;12.76,1,2,0,0,4.76;12.44,1,2,0,0,4.76;12.44,1,2,2,0,4.76;12.12;12.76;14.04
OOPS,falls/DontStopBelievin-FailsoftheMonthNovember2016_FailArmy47,1,1,1,0,0,3.16,1,1,0,0,2.84,1,1,0,0,2.52,1,1,0,0,2.84
OOPS,falls/DoubleFailsCompilation_DoubleTroubleByFailArmy201668,3,1,0,0,3,,1,1,3,2,13.08;14.68;17.88;19.8,1,1,1,2,12.76;19.8,1,0,0,3,
OOPS,falls/DoubleFailsNovember2017_FailArmy11,2,1,1,0,1,2.52,1,1,0,1,2.52,1,1,0,1,2.52,1,1,0,1,2.52
OOPS,falls/DoubleFailsNovember2017_FailArmy2,1,1,0,0,1,,1,0,0,1,,1,0,0,1,,1,0,0,1,
OOPS,falls/DoubleFailsNovember2017_FailArmy40,1,1,1,0,0,6.04,1,1,0,0,5.72,1,0,0,1,,1,1,0,0,6.04
OOPS,falls/DownhillMayhem-FailsoftheWeekMarch2019_FailArmy14,1,0,0,0,1,,1,1,0,0,5.08,1,1,0,0,5.08,1,1,1,0,5.08;10.84
OOPS,falls/DownhillMayhem-FailsoftheWeekMarch2019_FailArmy26,0,1,0,0,0,,1,0,0,0,,1,0,0,0,,1,0,0,0,
OOPS,falls/DownhillMayhem-FailsoftheWeekMarch2019_FailArmy3,2,1,1,0,1,2.52,1,1,0,1,3.16,1,1,0,1,2.52,1,1,0,1,3.48
OOPS,falls/DownhillMayhem-FailsoftheWeekMarch2019_FailArmy4,1,1,1,3,0,2.52;3.8;7.64;9.88,1,0,1,1,4.44,1,1,0,0,10.2,1,1,1,0,4.44;12.12
OOPS,falls/DressToImpress-LookinGoodOctober2017_FailArmy44,1,1,1,0,0,15.96,1,1,1,0,4.44;15.0,1,1,3,0,4.44;7.64;11.48;15.0,1,0,1,1,7.64
OOPS,falls/DressToImpress-LookinGoodOctober2017_FailArmy49,2,1,1,0,1,4.76,1,1,0,1,4.76,1,2,0,0,4.76;7.96,1,2,1,0,5.08;8.92;10.2
OOPS,falls/DressToImpress-LookinGoodOctober2017_FailArmy50,1,1,0,0,1,,1,0,0,1,,1,0,1,1,3.16,1,0,0,1,
OOPS,falls/DressedForSuccessJuly2018_FailArmy38,1,1,0,0,1,,1,0,0,1,,1,0,0,1,,1,0,0,1,
OOPS,falls/DropOnIn-FailsoftheWeekJune2018_FailArmy10,1,0,0,0,1,,1,1,0,0,2.84,1,1,0,0,3.48,1,1,0,0,3.8
OOPS,falls/DunkingOverKids-BestFailsOfTheWeekApril2018_FailArmy14,1,1,0,0,1,,1,1,0,0,4.44,1,1,0,0,4.12,1,1,1,0,5.72;7.32
OOPS,falls/ExpensiveFails-MoMoney_MoFailsFebruary2018_FailArmy23,1,1,1,0,0,6.36,1,1,1,0,5.4;7.64,1,1,0,0,5.4,1,1,1,0,5.4;6.36
OOPS,falls/ExpensiveFails-ThatsGoingToCostYouJuly20170,1,0,0,0,1,,1,1,0,0,5.08,1,1,0,0,5.08,1,1,2,0,5.08;7.32;8.28
OOPS,falls/ExpensiveFails-ThatsGoingToCostYouJuly201741,0,1,0,0,0,,1,0,0,0,,1,0,0,0,,1,0,0,0,
OOPS,falls/ExpensiveFails-ThatsGoingToCostYouJuly20175,1,1,0,0,1,,1,1,0,0,4.12,1,1,0,0,4.12,1,0,0,1,
OOPS,falls/FailArmyAfterDark-DoesThatSheepHaveSunglassesEp8103,1,1,0,0,1,,1,0,0,1,,1,0,0,1,,1,0,0,1,
OOPS,falls/FailArmyAfterDark-DoesThatSheepHaveSunglassesEp863,1,0,0,0,1,,1,1,0,0,5.08,1,1,1,0,3.48;5.08,1,1,0,0,5.72
OOPS,falls/FailArmyAfterDark-DoesThatSheepHaveSunglassesEp871,1,0,0,0,1,,1,1,0,0,2.84,1,1,0,0,2.84,1,1,0,0,2.84
OOPS,falls/FailArmyAfterDark-ItsPartyTimeep1170,1,1,0,0,1,,1,0,0,1,,1,0,0,1,,1,1,0,0,3.8
OOPS,falls/FailArmyAfterDark-ItsPartyTimeep1174,1,1,1,0,0,3.16,1,1,0,0,2.84,1,1,0,0,2.52,1,1,0,0,2.84
OOPS,falls/FailArmyAfterDark-ItsPartyTimeep195,1,1,1,0,0,3.8,1,1,0,0,3.48,1,1,0,0,3.48,1,1,0,0,3.48
OOPS,falls/FailOlympics_FAIL-YMPICSPART2byFailArmy20164,1,1,1,0,0,2.52,1,1,0,0,2.52,1,1,0,0,2.52,1,1,0,0,2.52
OOPS,falls/FailOlympics_FAIL-YMPICSPART3byFailArmy201614,1,1,0,0,1,,1,0,0,1,,1,0,0,1,,1,0,0,1,
OOPS,falls/FailOlympics_FAIL-YMPICSPART3byFailArmy201642,1,1,0,0,1,,1,1,0,0,3.8,1,1,0,0,3.8,1,0,0,1,
OOPS,falls/FailOlympics_FAIL-YMPICSbyFailArmy201622,1,0,0,0,1,,1,1,0,0,4.12,1,1,0,0,4.12,1,1,1,0,4.12;5.72
OOPS,falls/FailOlympics_FAIL-YMPICSbyFailArmy201628,1,1,1,0,0,4.12,1,1,0,0,3.48,1,1,0,0,3.48,1,1,0,0,3.48
OOPS,falls/FailsYouMissed-NottheBeesApril2018_Failarmy17,1,1,0,0,1,,1,1,0,0,8.6,1,1,0,0,8.92,1,1,0,0,8.92
OOPS,falls/FailsYouMissed-NottheBeesApril2018_Failarmy22,1,1,1,0,0,5.4,1,1,0,0,4.44,1,0,0,1,,1,1,0,0,4.76
OOPS,falls/FailsYouMissed-NottheBeesApril2018_Failarmy25,1,1,1,0,0,5.4,1,1,0,0,5.4,1,1,1,0,3.16;5.08,1,1,0,0,5.08
OOPS,falls/FailsYouMissed-NottheBeesApril2018_Failarmy77,2,1,1,0,1,13.08,1,1,1,1,11.16;12.12,1,2,1,0,7.96;13.08;16.28,1,2,0,0,7.64;12.44
OOPS,falls/FailsYouMissed-NottheBeesApril2018_Failarmy9,1,1,0,0,1,,1,1,0,0,4.12,1,1,0,0,4.76,1,1,0,0,4.76
OOPS,falls/FailsYouMissed-SomePranksNeverGetOldMarch2018_FailArmy100,1,1,0,0,1,,1,0,0,1,,1,0,0,1,,1,1,0,0,6.36
OOPS,falls/FailsYouMissed-SomePranksNeverGetOldMarch2018_FailArmy53,1,1,1,0,0,4.12,1,1,0,0,4.12,1,1,0,0,3.8,1,1,0,0,3.8
OOPS,falls/FailsYouMissed-SomePranksNeverGetOldMarch2018_FailArmy72,1,1,0,0,1,,1,1,0,0,2.52,1,1,0,0,2.52,1,1,1,0,2.52;4.12
OOPS,falls/FailsYouMissed-SomePranksNeverGetOldMarch2018_FailArmy95,2,1,2,0,0,6.36;8.6,1,2,1,0,2.84;5.72;8.92,1,2,4,0,2.52;5.72;8.92;11.48;14.04;16.92,1,2,2,0,2.84;5.72;8.92;16.92
OOPS,falls/FailsYouMissed-SomePranksNeverGetOldMarch2018_FailArmy96,1,1,1,0,0,5.72,1,1,0,0,5.4,1,1,0,0,5.08,1,1,1,0,5.4;6.04
OOPS,falls/FailsYouMissed-ToiletOrBustMarch2018_FailArmy35,1,1,1,0,0,5.4,1,1,1,0,5.08;9.24,1,1,0,0,4.76,1,1,0,0,5.08
OOPS,falls/FailsYouMissed-ToiletOrBustMarch2018_FailArmy38,1,1,1,0,0,3.8,1,1,0,0,3.8,1,1,0,0,3.8,1,0,0,1,
OOPS,falls/FailsYouMissed-ToiletOrBustMarch2018_FailArmy52,1,0,0,0,1,,1,0,0,1,,1,1,0,0,3.16,1,1,0,0,2.52
OOPS,falls/FailsYouMissed-ToiletOrBustMarch2018_FailArmy64,2,1,0,0,2,,1,1,0,1,3.16,1,2,0,0,2.52;13.4,1,2,0,0,4.12;14.36
OOPS,falls/FailsYouMissed-WaitingForSummerMarch2018_FailArmy100,1,1,0,0,1,,1,1,0,0,4.76,1,1,1,0,3.48;4.76,1,1,1,0,3.48;4.44
OOPS,falls/FailsYouMissed-WaitingForSummerMarch2018_FailArmy44,2,1,1,0,1,8.6,1,2,0,0,8.28;12.12,1,1,1,1,6.36;8.6,1,2,0,0,7.96;12.12
OOPS,falls/FailsYouMissed-WaitingForSummerMarch2018_FailArmy66,1,1,0,0,1,,1,1,0,0,2.84,1,1,0,0,2.84,1,0,0,1,
OOPS,falls/FailsYouMissed-WaitingForSummerMarch2018_FailArmy76,1,1,0,0,1,,1,1,0,0,4.12,1,1,0,0,3.8,1,1,1,0,4.44;5.72
OOPS,falls/FailsYouMissed-WaitingForSummerMarch2018_FailArmy88,2,1,1,0,1,6.68,1,1,0,1,6.68,1,2,0,0,6.68;11.8,1,1,0,1,6.36
OOPS,falls/FailsatHome-HomeIsWhereTheFailIsMay2018_FailArmy10,0,1,0,0,0,,1,0,0,0,,1,0,2,0,2.52;12.44,1,0,1,0,12.12
OOPS,falls/FailsatHome-HomeIsWhereTheFailIsMay2018_FailArmy18,1,0,0,0,1,,1,1,0,0,7.64,1,1,1,0,5.72;7.32,1,1,0,0,7.32
OOPS,falls/FailsatHome-HomeIsWhereTheFailIsMay2018_FailArmy5,1,1,1,1,0,4.44;7.32,1,1,1,0,3.8;6.68,1,1,1,0,4.12;6.36,1,1,0,0,4.12
OOPS,falls/FailsatHome-HomeIsWhereTheFailIsMay2018_FailArmy6,1,0,0,0,1,,1,1,0,0,7.96,1,1,2,0,7.0;9.88;19.8,1,1,5,0,9.24;10.2;19.8;33.56;35.16;36.76
OOPS,falls/FailsoftheMonth-FailingintoSummerlikeMay201741,1,0,0,0,1,,1,1,0,0,4.76,1,0,0,1,,1,1,0,0,4.44
OOPS,falls/FailsoftheMonth-FailingintoSummerlikeMay201742,1,1,1,0,0,11.48,1,1,0,0,11.8,1,1,0,0,11.8,1,1,0,0,11.8
OOPS,falls/FailsoftheMonth-FailingintoSummerlikeMay201750,1,1,1,0,0,5.4,1,1,0,0,5.4,1,1,2,0,3.16;3.8;5.08,1,1,0,0,5.08
OOPS,falls/FailsoftheMonth-FailingintoSummerlikeMay201757,1,1,0,1,1,25.24,1,1,0,0,19.8,1,1,3,0,3.8;19.8;28.12;31.0,1,1,1,0,20.12;25.56
OOPS,falls/FailsoftheMonth-FailureInFullForceJanuary2017_FailArmy23,1,1,0,0,1,,1,0,1,1,12.44,1,0,2,1,9.56;12.12,1,0,1,1,12.12
OOPS,falls/FailsoftheMonth-FailureInFullForceJanuary2017_FailArmy32,1,0,0,0,1,,1,1,0,0,4.76,1,1,0,0,3.8,1,0,0,1,
OOPS,falls/FailsoftheMonth-FailureInFullForceJanuary2017_FailArmy38,0,1,0,1,0,2.52,1,0,2,0,2.52;3.8,1,0,1,0,2.52,1,0,0,0,
OOPS,falls/FailsoftheMonth-FailureInFullForceJanuary2017_FailArmy48,1,0,0,0,1,,1,1,0,0,7.32,1,1,1,0,3.8;7.0,1,1,2,0,3.8;5.08;5.72
OOPS,falls/FailsoftheMonth-FailureInFullForceJanuary2017_FailArmy9,6,1,1,1,5,3.48;5.08,1,1,0,5,3.16,1,1,0,5,3.16,1,1,0,5,3.16
OOPS,falls/FailsoftheMonth-GetReadyToLaughApril201737,1,1,0,0,1,,1,1,0,0,4.44,1,1,1,0,3.16;4.44,1,0,0,1,
OOPS,falls/FailsoftheMonth-GetReadyToLaughApril201744,1,1,0,0,1,,1,1,0,0,2.52,1,1,0,0,2.52,1,1,0,0,2.84
OOPS,falls/FailsoftheMonth-GetReadyToLaughApril20178,1,1,1,0,0,3.8,1,1,0,0,3.8,1,1,0,0,3.8,1,1,0,0,3.8
OOPS,falls/FailsoftheMonth-StuckTheLanding_FailArmy18,1,1,1,2,0,3.8;6.36;8.28,1,1,3,0,2.84;3.48;5.08;7.32,1,1,1,0,3.16;6.04,1,1,1,0,2.84;8.28
OOPS,falls/FailsoftheMonth-StuckTheLanding_FailArmy29,1,1,1,0,0,5.72,1,1,0,0,5.72,1,1,0,0,5.4,1,1,0,0,6.04
OOPS,falls/FailsoftheMonth-StuckTheLanding_FailArmy3,3,1,0,0,3,,1,1,1,2,19.48;22.36,1,2,0,1,3.8;22.36,1,1,0,2,22.68
OOPS,falls/FailsoftheMonth-StuckTheLanding_FailArmy30,4,1,3,0,1,2.52;4.76;11.48,1,1,0,3,11.8,1,4,0,0,2.52;4.44;8.28;10.84,1,3,0,1,4.44;8.6;11.16
OOPS,falls/FailsoftheMonthAugust2016_FailArmy36,2,1,1,1,1,4.76;24.92,1,1,0,1,26.2,1,1,0,1,25.88,1,1,2,1,6.04;26.52;28.12
OOPS,falls/FailsoftheMonthAugust2016_FailArmy52,1,1,0,0,1,,1,1,0,0,7.0,1,0,1,1,3.8,1,0,0,1,
OOPS,falls/FailsoftheMonthDecember2016_FailArmy11,1,1,1,1,0,3.8;8.92,1,0,2,1,4.76;6.04,1,1,2,0,3.48;7.32;12.12,1,0,1,1,3.8
OOPS,falls/FailsoftheMonthDecember2016_FailArmy42,1,1,1,1,0,3.48;5.08,1,1,1,0,2.52;3.8,1,0,1,1,2.52,1,1,0,0,4.12
OOPS,falls/FailsoftheMonthDecember2016_FailArmy45,1,1,0,0,1,,1,1,0,0,6.36,1,0,0,1,,1,0,0,1,
OOPS,falls/FailsoftheMonthDecember2016_FailArmy6,1,1,0,0,1,,1,0,0,1,,1,0,1,1,2.52,1,0,0,1,
OOPS,falls/FailsoftheMonthFebruary2017_FailArmy16,1,1,1,1,0,2.52;5.4,1,1,0,0,5.08,1,1,0,0,5.08,1,1,0,0,5.08
OOPS,falls/FailsoftheMonthFebruary2017_FailArmy29,1,1,1,3,0,3.48;4.44;5.08;5.72,1,1,0,0,3.48,1,1,0,0,3.16,1,1,1,0,3.48;9.24
OOPS,falls/FailsoftheMonthFebruary2017_FailArmy3,1,1,0,0,1,,1,0,0,1,,1,0,0,1,,1,1,0,0,5.08
OOPS,falls/FailsoftheMonthFebruary2017_FailArmy37,2,1,1,0,1,4.44,1,1,0,1,4.44,1,1,1,1,4.12;9.88,1,1,1,1,4.44;9.88
OOPS,falls/FailsoftheMonthJuly2016_FailArmy13,1,0,0,0,1,,1,1,2,0,2.52;4.76;11.16,1,1,1,0,2.52;5.4,1,1,2,0,2.52;4.44;5.72
OOPS,falls/FailsoftheMonthJuly2016_FailArmy21,1,0,0,0,1,,1,1,0,0,3.48,1,1,0,0,5.08,1,1,0,0,3.48
OOPS,falls/FailsoftheMonthJuly2016_FailArmy31,1,1,0,1,1,7.96,1,0,2,1,6.36;7.0,1,1,2,0,6.04;7.0;13.4,1,1,1,0,7.32;13.4
OOPS,falls/FailsoftheMonthJuly2016_FailArmy42,2,1,2,0,0,3.8;11.48,1,2,1,0,4.12;10.84;15.32,1,2,1,0,3.8;10.84;15.64,1,1,0,1,10.84
OOPS,falls/FailsoftheMonthJuly2016_FailArmy5,1,1,0,0,1,,1,0,1,1,9.88,1,0,0,1,,1,0,0,1,
OOPS,falls/FailsoftheMonthJuly2016_FailArmy8,1,1,0,0,1,,1,1,0,0,2.84,1,1,0,0,2.52,1,1,0,0,2.52
OOPS,falls/FailsoftheMonthOctober2016_FailArmy4,2,1,2,0,0,4.44;10.52,1,2,0,0,4.44;9.88,1,2,1,0,3.16;4.12;9.88,1,2,0,0,4.44;9.88
OOPS,falls/FailsoftheMonthOctober2016_FailArmy42,1,0,0,0,1,,1,0,0,1,,1,0,0,1,,1,1,1,0,2.52;3.48
OOPS,falls/FailsoftheMonthOctober2016_FailArmy56,1,0,0,0,1,,1,1,1,0,6.36;7.32,1,0,1,1,5.08,1,1,2,0,7.32;8.28;9.56
OOPS,falls/FailsoftheMonthOctober2016_FailArmy69,1,1,0,0,1,,1,1,0,0,3.16,1,1,0,0,3.48,1,0,0,1,
OOPS,falls/FailsoftheMonthSeptember2016_FailArmy11,2,1,1,0,1,7.96,1,2,0,0,2.52;7.64,1,1,0,1,7.64,1,1,0,1,7.64
OOPS,falls/FailsoftheMonthSeptember2016_FailArmy24,1,1,0,0,1,,1,0,0,1,,1,1,0,0,7.0,1,1,0,0,7.32
OOPS,falls/FailsoftheMonthSeptember2016_FailArmy3,1,0,0,0,1,,1,1,0,0,2.52,1,1,0,0,2.52,1,1,0,0,2.52
OOPS,falls/FailsoftheMonthSeptember2016_FailArmy7,0,1,0,0,0,,1,0,0,0,,1,0,0,0,,1,0,1,0,3.16
OOPS,falls/FailsoftheWeek-BetterLuckNextTimeJanuary2017_FailArmy22,2,1,1,0,1,7.0,1,2,0,0,6.68;14.68,1,2,1,0,5.08;6.68;15.0,1,2,1,0,6.68;15.0;15.96
OOPS,falls/FailsoftheWeek-BetterLuckNextTimeJanuary2017_FailArmy28,1,1,0,0,1,,1,1,0,0,3.8,1,1,0,0,3.8,1,1,2,0,3.8;6.68;7.32
OOPS,falls/FailsoftheWeek-BetterLuckNextTimeJanuary2017_FailArmy9,1,1,0,0,1,,1,0,0,1,,1,0,0,1,,1,0,0,1,
OOPS,falls/FailsoftheWeek-BigAir_BiggerFailsMarch2017_FailArmy33,1,1,1,0,0,5.08,1,1,0,0,4.44,1,1,0,0,4.44,1,1,0,0,4.44
OOPS,falls/FailsoftheWeek-BigAir_BiggerFailsMarch2017_FailArmy39,1,1,1,0,0,3.8,1,1,0,0,4.12,1,1,0,0,4.12,1,1,0,0,4.12
OOPS,falls/FailsoftheWeek-BridesmaidRuinsWeddingJune201747,1,1,1,1,0,2.52;11.16,1,1,2,0,5.08;6.04;11.16,1,1,2,0,3.16;8.28;10.2,1,1,1,0,2.52;10.84
OOPS,falls/FailsoftheWeek-DoWhatYouCanFebruary2017_FailArmy18,2,0,0,0,2,,1,1,0,1,3.8,1,2,0,0,3.8;9.24,1,2,0,0,4.12;9.56
OOPS,falls/FailsoftheWeek-DoWhatYouCanFebruary2017_FailArmy49,1,1,1,2,0,4.12;7.0;8.6,1,1,0,0,6.36,1,0,1,1,2.52,1,1,1,0,4.76;6.36
OOPS,falls/FailsoftheWeek-DoWhatYouCanFebruary2017_FailArmy9,1,1,1,0,0,4.12,1,1,0,0,4.12,1,1,0,0,3.8,1,1,0,0,3.8
OOPS,falls/FailsoftheWeek-DronetotheFaceApril2018_FailArmy26,1,0,0,0,1,,1,0,1,1,4.12,1,0,1,1,3.16,1,1,0,0,7.64
OOPS,falls/FailsoftheWeek-DronetotheFaceApril2018_FailArmy48,1,0,0,0,1,,1,1,0,0,2.84,1,0,0,1,,1,1,0,0,2.52
OOPS,falls/FailsoftheWeek-GoaheadandsenditMay201727,1,0,0,0,1,,1,1,1,0,2.52;3.8,1,1,0,0,4.44,1,1,0,0,4.44
OOPS,falls/FailsoftheWeek-InsulttoInjuryJanuary2017_FailArmy10,1,0,0,0,1,,1,1,0,0,3.8,1,0,0,1,,1,1,0,0,3.8
OOPS,falls/FailsoftheWeek-October2016_FailArmy46,2,1,0,0,2,,1,1,0,1,8.28,1,1,0,1,8.92,1,1,0,1,8.6
OOPS,falls/FailsoftheWeekMarch2017_FailArmy11,1,0,0,0,1,,1,1,0,0,7.32,1,0,0,1,,1,1,2,0,3.16;5.4;7.0
OOPS,falls/FailsoftheWeekMarch2017_FailArmy28,1,1,0,0,1,,1,1,0,0,5.72,1,1,0,0,5.72,1,1,0,0,5.72
OOPS,falls/FailsoftheWeekMarch2017_FailArmy50,1,0,0,0,1,,1,1,0,0,3.48,1,1,0,0,3.48,1,1,0,0,3.48
OOPS,falls/GoFaster_OrFail-ThrowbackFailsJanuary2018_FailArmy42,1,0,0,0,1,,1,1,0,0,3.48,1,0,0,1,,1,1,0,0,3.16
OOPS,falls/GoforBroke-BreakingThingsNovember2016_FailArmy0,0,1,0,0,0,,1,0,0,0,,1,0,0,0,,1,0,0,0,
OOPS,falls/GoforBroke-BreakingThingsNovember2016_FailArmy24,1,1,1,0,0,10.2,1,1,0,0,10.52,1,1,0,0,10.2,1,0,0,1,
OOPS,falls/GoforBroke-BreakingThingsNovember2016_FailArmy4,3,0,0,0,3,,1,2,1,1,2.84;8.28;9.88,1,1,1,2,2.84;7.64,1,3,5,0,2.84;4.12;8.28;10.2;13.08;14.04;17.24;17.88
OOPS,falls/GoforBroke-BreakingThingsNovember2016_FailArmy43,1,1,1,0,0,3.48,1,1,0,0,3.48,1,1,0,0,3.48,1,1,0,0,3.48
OOPS,falls/GoforBroke-BreakingThingsNovember2016_FailArmy49,1,0,0,0,1,,1,0,0,1,,1,0,1,1,2.52,1,1,0,0,4.76
OOPS,falls/GoneFishing-ThrowbackThursdayNovember2017_FailArmy17,1,1,0,0,1,,1,1,0,0,7.32,1,1,0,0,7.32,1,1,0,0,7.32
OOPS,falls/GoneFishing-ThrowbackThursdayNovember2017_FailArmy21,1,1,1,0,0,12.76,1,1,0,0,13.4,1,1,0,0,13.4,1,1,0,0,13.4
OOPS,falls/GoneFishing-ThrowbackThursdayNovember2017_FailArmy25,1,0,0,0,1,,1,1,0,0,7.96,1,1,2,0,3.48;6.36;7.64,1,1,1,0,5.4;7.96
OOPS,falls/GoneFishing-ThrowbackThursdayNovember2017_FailArmy63,1,0,0,0,1,,1,0,0,1,,1,0,0,1,,1,1,0,0,4.44
OOPS,falls/GrandmasvsGrandpas-FailArmyVersusDecember2017_FailArmy11,1,1,0,0,1,,1,1,1,0,2.84;5.08,1,0,0,1,,1,1,0,0,5.08
OOPS,falls/GrandmasvsGrandpas-FailArmyVersusDecember2017_FailArmy14,1,0,0,0,1,,1,1,0,0,7.64,1,1,0,0,7.32,1,1,0,0,7.32
OOPS,falls/GrandmasvsGrandpas-FailArmyVersusDecember2017_FailArmy2,1,1,0,0,1,,1,1,0,0,2.84,1,1,0,0,3.16,1,0,0,1,
OOPS,falls/GrandmasvsGrandpas-FailArmyVersusDecember2017_FailArmy7,2,1,0,0,2,,1,1,0,1,7.32,1,1,0,1,7.32,1,1,0,1,7.32
OOPS,falls/GrassIsAlwaysGreener-GetOffMyLawnJuly2018_FailArmy16,1,1,1,1,0,5.08;6.04,1,1,1,0,5.72;6.36,1,1,0,0,6.36,1,1,0,0,6.36
OOPS,falls/GuessitsTimetoLeave-ThrowbackThursdayOctober2017_FailArmy23,2,1,1,0,1,16.6,1,2,2,0,3.48;6.04;15.96;17.56,1,1,2,1,11.16;15.64;17.24,1,1,0,1,17.88
OOPS,falls/GuessitsTimetoLeave-ThrowbackThursdayOctober2017_FailArmy29,2,1,1,1,1,10.84;11.8,1,0,1,2,5.08,1,1,1,1,5.08;8.6,1,1,2,1,4.12;8.28;9.88
OOPS,falls/GuessitsTimetoLeave-ThrowbackThursdayOctober2017_FailArmy39,1,1,0,1,1,6.68,1,0,1,1,5.72,1,0,0,1,,1,1,0,0,14.36
OOPS,falls/GuessitsTimetoLeave-ThrowbackThursdayOctober2017_FailArmy53,1,1,1,0,0,2.52,1,0,0,1,,1,1,0,0,2.52,1,1,0,0,2.52
OOPS,falls/GuessitsTimetoLeave-ThrowbackThursdayOctober2017_FailArmy59,0,0,0,0,0,,1,0,1,0,3.16,1,0,1,0,3.8,1,0,1,0,4.12
OOPS,falls/GymandWorkoutFails-NewYear_NewMeJanuary2018_FailArmy0,1,0,0,0,1,,1,1,0,0,3.48,1,1,0,0,3.16,1,0,1,1,12.12
OOPS,falls/GymandWorkoutFails-NewYear_NewMeJanuary2018_FailArmy12,1,1,1,0,0,7.0,1,1,0,0,7.0,1,1,0,0,7.0,1,1,0,0,7.0
OOPS,falls/GymandWorkoutFails-NewYear_NewMeJanuary2018_FailArmy18,1,1,0,0,1,,1,0,0,1,,1,1,0,0,5.72,1,0,0,1,
OOPS,falls/GymandWorkoutFails-NewYear_NewMeJanuary2018_FailArmy33,1,1,1,0,0,9.24,1,1,3,0,2.52;4.12;7.96;8.92,1,1,1,0,2.52;7.32,1,0,0,1,
OOPS,falls/Hardcore_Parkour-FanSubmissionsMay2018_FailArmy24,1,1,0,0,1,,1,0,0,1,,1,0,0,1,,1,0,0,1,
OOPS,falls/Hardcore_Parkour-FanSubmissionsMay2018_FailArmy28,1,1,1,2,0,4.44;6.36;7.0,1,1,1,0,3.48;5.72,1,1,1,0,3.48;5.72,1,1,2,0,3.48;6.04;6.68
OOPS,falls/Hardcore_Parkour-FanSubmissionsMay2018_FailArmy29,1,0,0,0,1,,1,1,0,0,7.0,1,1,0,0,6.68,1,1,0,0,6.68
OOPS,falls/Hardcore_Parkour-FanSubmissionsMay2018_FailArmy31,1,1,1,0,0,11.8,1,1,0,0,11.16,1,1,0,0,11.16,1,0,0,1,
OOPS,falls/Hardcore_Parkour-FanSubmissionsMay2018_FailArmy36,1,0,0,0,1,,1,1,0,0,3.48,1,1,0,0,3.48,1,0,0,1,
OOPS,falls/Hardcore_Parkour-FanSubmissionsMay2018_FailArmy4,1,1,1,0,0,3.48,1,1,0,0,3.48,1,1,0,0,3.16,1,1,0,0,3.16
OOPS,falls/HesGonnaSendIt-ThrowbackFailsNovember2017_FailArmy27,1,1,1,0,0,4.76,1,1,0,0,4.76,1,1,0,0,4.12,1,1,0,0,4.76
OOPS,falls/HesGonnaSendIt-ThrowbackFailsNovember2017_FailArmy43,1,0,0,0,1,,1,1,0,0,3.8,1,0,0,1,,1,0,0,1,
OOPS,falls/HesNotStopping-ThrowbackFailsNovember2017_FailArmy33,1,1,1,0,0,13.4,1,1,0,0,13.08,1,1,0,0,13.08,1,1,0,0,13.08
OOPS,falls/HesNotStopping-ThrowbackFailsNovember2017_FailArmy53,1,0,0,0,1,,1,1,1,0,2.52;18.52,1,0,0,1,,1,0,2,1,14.68;18.52
OOPS,falls/HilariousHolidayFailsDecember2017_FailArmy20,1,1,1,0,0,4.44,1,1,0,0,3.8,1,1,0,0,4.44,1,1,1,0,4.12;8.28
OOPS,falls/HilariousHolidayFailsDecember2017_FailArmy26,1,1,0,0,1,,1,0,0,1,,1,0,0,1,,1,0,0,1,
OOPS,falls/HilariousHolidayFailsDecember2017_FailArmy27,1,1,1,0,0,4.12,1,1,0,0,4.12,1,1,0,0,4.12,1,1,0,0,3.8
OOPS,falls/HilariousRedneckFailsNovember2017_FailArmy14,1,1,0,0,1,,1,1,0,0,2.52,1,1,1,0,2.84;7.32,1,1,0,0,2.84
OOPS,falls/HilariousScienceFailsJuly2017_FailArmy10,0,1,0,0,0,,1,0,1,0,11.8,1,0,1,0,12.12,1,0,0,0,
OOPS,falls/HopelessRomantic-FailsoftheWeekOctober2018_FailArmy10,1,0,0,0,1,,1,1,0,0,9.88,1,1,0,0,9.88,1,1,0,0,9.88
OOPS,falls/HopelessRomantic-FailsoftheWeekOctober2018_FailArmy17,1,1,1,0,0,12.12,1,1,0,0,12.12,1,1,0,0,12.12,1,1,0,0,11.8
OOPS,falls/HopelessRomantic-FailsoftheWeekOctober2018_FailArmy29,1,1,0,0,1,,1,1,0,0,4.12,1,1,0,0,3.16,1,1,0,0,4.12
OOPS,falls/HopelessRomantic-FailsoftheWeekOctober2018_FailArmy5,1,1,1,0,0,2.84,1,1,0,0,2.84,1,1,0,0,2.52,1,1,0,0,2.52
OOPS,falls/HopelessRomantic-FailsoftheWeekOctober2018_FailArmy7,1,1,0,0,1,,1,0,0,1,,1,0,2,1,4.76;8.28,1,0,1,1,4.44
OOPS,falls/HowLowCanYouGo-FailsoftheWeekSeptember2017_FailArmy35,2,1,0,0,2,,1,0,0,2,,1,0,0,2,,1,1,0,1,2.52
OOPS,falls/HowdYouGetUpsideDown-BestFailsoftheWeekAugust2018_FailArmy15,1,1,1,0,0,14.68,1,1,1,0,12.12;14.04,1,1,2,0,11.8;12.44;14.04,1,1,0,0,14.36
OOPS,falls/IAmStuckInThisCar-FailsYouMissed16_FailArmy57,0,0,0,0,0,,1,0,0,0,,1,0,1,0,10.84,1,0,2,0,7.32;11.16
OOPS,falls/IAmStuckInThisCar-FailsYouMissed16_FailArmy70,1,0,0,0,1,,1,1,0,0,6.04,1,0,0,1,,1,1,0,0,6.36
OOPS,falls/IAmStuckInThisCar-FailsYouMissed16_FailArmy79,1,1,0,0,1,,1,1,0,0,3.48,1,0,0,1,,1,0,0,1,
OOPS,falls/IAmStuckInThisCar-FailsYouMissed16_FailArmy93,1,1,1,0,0,13.08,1,1,0,0,12.76,1,1,0,0,13.08,1,1,0,0,13.08
OOPS,falls/ICaughtABigCrab-ThrowbackFailsDecember2017_FailArmy65,1,1,0,0,1,,1,0,0,1,,1,0,0,1,,1,0,0,1,
OOPS,falls/IMadeIt-FailsoftheWeekOctober2017_FailArmy10,1,1,1,0,0,6.04,1,0,0,1,,1,1,0,0,3.48,1,1,0,0,3.8
OOPS,falls/IMadeIt-FailsoftheWeekOctober2017_FailArmy34,1,1,1,0,0,3.8,1,1,0,0,3.48,1,1,0,0,3.48,1,1,0,0,3.48
OOPS,falls/IMadeIt-FailsoftheWeekOctober2017_FailArmy39,1,1,0,0,1,,1,0,0,1,,1,1,1,0,3.48;13.08,1,1,2,0,10.84;12.44;14.04
OOPS,falls/IMadeIt-FailsoftheWeekOctober2017_FailArmy9,1,1,1,0,0,5.08,1,1,0,0,4.44,1,1,0,0,4.44,1,1,0,0,4.44
OOPS,falls/ImSlipping_ImFalling_ICantGetUp-ThrowbackFailsJanuary2018_FailArmy21,1,1,0,0,1,,1,1,0,0,8.92,1,1,1,0,6.68;9.24,1,1,0,0,8.92
OOPS,falls/ImSlipping_ImFalling_ICantGetUp-ThrowbackFailsJanuary2018_FailArmy25,1,0,0,0,1,,1,0,0,1,,1,0,0,1,,1,0,0,1,
OOPS,falls/InstantKarmaFails-BestoftheYear2017_FailArmy42,1,1,0,0,1,,1,0,0,1,,1,0,0,1,,1,0,0,1,
OOPS,falls/InstantKarmaFails-ItsPaybackTimeDecember2016_FailArmy25,1,1,1,0,0,4.44,1,1,0,0,3.8,1,0,0,1,,1,1,0,0,4.44
OOPS,falls/InternationalFailsFromAroundTheWorldJanuary2018_FailArmy51,1,1,1,0,0,3.16,1,1,0,0,2.84,1,1,0,0,3.16,1,1,2,0,2.84;4.76;5.72
OOPS,falls/ItsAllDownHillFromHere-ThrowbackFailsAugust2017100,2,1,2,0,0,8.92;14.68,1,2,0,0,8.92;14.68,1,2,0,0,8.6;14.36,1,2,0,0,8.92;14.36
OOPS,falls/ItsAllDownHillFromHere-ThrowbackFailsAugust201714,1,0,0,0,1,,1,0,0,1,,1,0,0,1,,1,1,0,0,4.76
OOPS,falls/ItsAllDownHillFromHere-ThrowbackFailsAugust201717,1,1,1,0,0,7.32,1,1,0,0,7.32,1,0,1,1,3.48,1,1,0,0,7.0
OOPS,falls/ItsAllDownHillFromHere-ThrowbackFailsAugust201722,1,1,1,0,0,4.12,1,1,0,0,3.16,1,0,0,1,,1,1,0,0,3.48
OOPS,falls/ItsAllDownHillFromHere-ThrowbackFailsAugust201723,1,1,1,0,0,3.16,1,0,0,1,,1,0,0,1,,1,1,0,0,3.16
OOPS,falls/ItsAllDownHillFromHere-ThrowbackFailsAugust201728,1,1,0,0,1,,1,0,0,1,,1,0,0,1,,1,0,0,1,
OOPS,falls/ItsAllDownHillFromHere-ThrowbackFailsAugust201730,0,1,0,0,0,,1,0,0,0,,1,0,0,0,,1,0,0,0,
OOPS,falls/ItsAllDownHillFromHere-ThrowbackFailsAugust201738,2,0,0,0,2,,1,1,1,1,4.44;10.2,1,1,0,1,4.44,1,2,2,0,4.44;12.12;14.36;15.64
OOPS,falls/ItsAllDownHillFromHere-ThrowbackFailsAugust201745,2,1,2,0,0,4.44;7.64,1,2,0,0,3.16;7.0,1,2,1,0,3.16;6.68;7.32,1,2,0,0,6.36;7.32
OOPS,falls/ItsAllDownHillFromHere-ThrowbackFailsAugust201746,1,1,1,0,0,7.64,1,0,0,1,,1,1,0,0,6.68,1,1,1,0,6.36;9.56
OOPS,falls/ItsAllDownHillFromHere-ThrowbackFailsAugust201758,1,1,1,0,0,4.44,1,1,0,0,4.12,1,1,0,0,4.12,1,1,0,0,4.12
OOPS,falls/ItsAllDownHillFromHere-ThrowbackFailsAugust201762,1,0,0,0,1,,1,1,0,0,6.04,1,1,0,0,6.04,1,1,0,0,6.04
OOPS,falls/ItsAllDownHillFromHere-ThrowbackFailsAugust201782,1,1,1,1,0,2.52;4.12,1,1,1,0,3.8;5.08,1,1,0,0,3.8,1,1,0,0,3.8
OOPS,falls/ItsDangerousOutside-StayInsideApril2018_FailArmy27,1,1,1,0,0,5.4,1,1,1,0,4.12;7.0,1,1,1,0,4.12;6.68,1,1,1,0,2.52;7.0
OOPS,falls/ItsDangerousOutside-StayInsideApril2018_FailArmy54,1,0,0,0,1,,1,1,0,0,3.16,1,0,0,1,,1,1,0,0,2.84
OOPS,falls/JustGrowUp-ActYourAgeFailsJuly2017_FailArmy29,1,0,0,0,1,,1,1,0,0,5.4,1,1,0,0,5.4,1,1,0,0,6.68
OOPS,falls/KayakChaos-FailsoftheWeekAugust2018_FailArmy12,0,1,0,1,0,7.64,1,0,0,0,,1,0,1,0,4.44,1,0,1,0,5.4
OOPS,falls/KayakChaos-FailsoftheWeekAugust2018_FailArmy15,0,1,0,0,0,,1,0,0,0,,1,0,0,0,,1,0,0,0,
OOPS,falls/KayakChaos-FailsoftheWeekAugust2018_FailArmy16,0,1,0,0,0,,1,0,0,0,,1,0,0,0,,1,0,0,0,
OOPS,falls/KeepItGoing_KeepItGoing-BestFailsoftheMonthSeptember2017_FailArmy5,1,0,0,0,1,,1,0,0,1,,1,0,0,1,,1,0,2,1,9.56;12.76
OOPS,falls/LakeFails-TimeForAShowerApril2017_FailArmy0,2,1,1,0,1,7.0,1,1,0,1,6.68,1,2,0,0,5.08;7.0,1,2,1,0,4.12;7.0;10.2
OOPS,falls/LaughingCameraman-BestLaughsEverJanuary2017_FailArmy4,1,1,1,0,0,2.84,1,1,0,0,2.52,1,1,0,0,2.52,1,1,0,0,2.52
OOPS,falls/LetsGetCheesy-FailsoftheWeek9,1,1,0,0,1,,1,1,2,0,2.52;3.16;7.64,1,1,1,0,2.52;7.0,1,1,0,0,8.6
OOPS,falls/LetsGetIt-FailArmyAfterDarkep2170,1,0,0,0,1,,1,0,0,1,,1,0,0,1,,1,0,0,1,
OOPS,falls/LetsGetIt-FailArmyAfterDarkep220,1,1,1,0,0,3.48,1,1,0,0,5.4,1,1,1,0,3.48;5.08,1,1,0,0,5.08
OOPS,falls/LetsGetIt-FailArmyAfterDarkep2215,1,1,0,0,1,,1,0,0,1,,1,1,0,0,5.08,1,0,0,1,
OOPS,falls/LetsGetIt-FailArmyAfterDarkep234,1,0,0,0,1,,1,1,0,0,3.8,1,0,0,1,,1,1,0,0,3.8
OOPS,falls/LetsGetIt-FailArmyAfterDarkep241,1,0,0,0,1,,1,1,0,0,2.52,1,1,0,0,2.84,1,1,0,0,2.84
OOPS,falls/LetsGetIt-FailArmyAfterDarkep251,0,1,0,0,0,,1,0,1,0,2.52,1,0,1,0,2.52,1,0,1,0,2.84
OOPS,falls/LetsGetIt-FailArmyAfterDarkep270,1,0,0,0,1,,1,1,0,0,2.52,1,0,0,1,,1,1,0,0,2.52
OOPS,falls/LetsGetIt-FailArmyAfterDarkep283,1,1,1,0,0,2.52,1,1,0,0,2.84,1,1,0,0,2.84,1,1,0,0,2.52
OOPS,falls/LetsGetIt-FailArmyAfterDarkep288,2,1,0,0,2,,1,0,0,2,,1,0,0,2,,1,0,0,2,
OOPS,falls/LetsGetIt-FailArmyAfterDarkep289,1,1,0,0,1,,1,1,0,0,2.84,1,0,0,1,,1,0,0,1,
OOPS,falls/LetsGetStoned-RockFails0,1,0,0,0,1,,1,0,0,1,,1,0,0,1,,1,0,0,1,
OOPS,falls/LetsGetStoned-RockFails11,1,0,0,0,1,,1,1,0,0,3.48,1,1,0,0,3.48,1,1,0,0,3.16
OOPS,falls/LetsGetStoned-RockFails13,1,1,1,0,0,11.48,1,1,0,0,11.16,1,0,0,1,,1,1,0,0,11.48
OOPS,falls/LetsGetStoned-RockFails19,3,1,0,0,3,,1,2,1,1,22.68;31.64;38.04,1,2,1,1,23.0;30.68;37.72,1,2,1,1,23.0;33.88;39.0
OOPS,falls/LetsGetStoned-RockFails20,1,1,1,1,0,2.52;9.88,1,0,0,1,,1,1,0,0,8.6,1,1,3,0,2.52;9.24;12.44;13.4
OOPS,falls/LetsGetStoned-RockFails21,1,1,1,0,0,9.56,1,1,0,0,8.92,1,1,0,0,9.24,1,1,0,0,9.24
OOPS,falls/LetsGetStoned-RockFails25,1,1,1,0,0,3.48,1,1,0,0,3.16,1,1,0,0,3.16,1,1,0,0,3.16
OOPS,falls/LetsGetTropical-BeachFails13,2,1,0,0,2,,1,1,1,1,4.76;16.28,1,1,0,1,16.28,1,1,2,1,3.48;4.76;16.6
OOPS,falls/LetsGetTropical-BeachFails19,1,1,1,1,0,10.84;15.96,1,1,0,0,15.96,1,1,1,0,11.16;15.96,1,1,1,0,11.16;15.96
OOPS,falls/LetsGetTropical-BeachFails24,1,1,0,0,1,,1,0,0,1,,1,0,0,1,,1,0,0,1,
OOPS,falls/LookAtMeLikeABoss-FailsYouMissed14_FailArmy56,1,0,0,0,1,,1,0,0,1,,1,1,0,0,7.32,1,1,1,0,4.44;7.32
OOPS,falls/LookOutBelow-ThrowbackThursdayOctober2017_FailArmy45,1,1,0,0,1,,1,0,0,1,,1,0,0,1,,1,1,0,0,5.72
OOPS,falls/LookOutBelow-ThrowbackThursdayOctober2017_FailArmy56,1,0,0,0,1,,1,0,0,1,,1,1,0,0,2.52,1,1,1,0,2.52;6.04
OOPS,falls/LookOutBelow-ThrowbackThursdayOctober2017_FailArmy63,1,1,0,0,1,,1,1,0,0,4.76,1,1,0,0,5.08,1,1,0,0,4.76
OOPS,falls/LookOutBelow-ThrowbackThursdayOctober2017_FailArmy69,1,1,0,0,1,,1,1,0,0,4.44,1,1,1,0,4.12;10.52,1,1,0,0,4.12
OOPS,falls/LookOutForThatBush-FailsoftheWeekJune2017_FailArmy48,1,0,0,0,1,,1,1,0,0,3.48,1,1,0,0,3.8,1,1,0,0,4.12
OOPS,falls/MMAMishap-FailsoftheWeekSeptember2018_FailArmy8,1,1,1,1,0,6.68;7.32,1,0,0,1,,1,1,0,0,6.36,1,1,0,0,6.04
OOPS,falls/MenvsWomen-FailArmyVersusAugust201713,1,0,0,0,1,,1,0,0,1,,1,0,0,1,,1,1,0,0,4.76
OOPS,falls/MenvsWomen-FailArmyVersusAugust201717,1,1,0,0,1,,1,0,0,1,,1,0,0,1,,1,0,0,1,
OOPS,falls/MirrorFightBack-FailsoftheWeekNovember2017_FailArmy12,2,1,1,1,1,2.84;8.6,1,1,0,1,2.52,1,0,1,2,8.92,1,2,0,0,2.52;11.16
OOPS,falls/MirrorFightBack-FailsoftheWeekNovember2017_FailArmy17,1,0,0,0,1,,1,1,0,0,3.48,1,1,0,0,3.48,1,1,0,0,3.48
OOPS,falls/MirrorFightBack-FailsoftheWeekNovember2017_FailArmy25,1,0,0,0,1,,1,1,0,0,4.76,1,1,0,0,4.76,1,1,1,0,4.76;7.96
OOPS,falls/MomsGoingToBeMad-ThrowbackFailsJune2017_FailArmy91,1,1,1,0,0,5.4,1,1,0,0,6.04,1,1,1,0,6.04;8.28,1,1,0,0,4.76
OOPS,falls/NobodyBelievedMe-FailsYouMissed15_FailArmy77,2,1,1,1,1,4.12;5.72,1,1,0,1,3.8,1,0,1,2,10.52,1,0,0,2,
OOPS,falls/NotintheHouseFailsYouMissed13_FailArmy61,1,1,1,0,0,4.44,1,1,0,0,3.8,1,1,0,0,4.12,1,1,0,0,4.12
OOPS,falls/OnTheJobFails-INeedANewJobOctober2017_FailArmy18,1,1,1,0,0,4.44,1,1,0,0,4.12,1,1,0,0,4.12,1,1,0,0,4.44
OOPS,falls/OnTheJobFails-INeedANewJobOctober2017_FailArmy20,1,0,0,0,1,,1,1,0,0,5.08,1,1,0,0,4.76,1,1,2,0,5.08;9.24;15.0
OOPS,falls/Ouchie-DangThatHurtMay2018_FailArmy26,1,1,1,0,0,6.36,1,1,0,0,6.36,1,1,0,0,6.04,1,0,0,1,
OOPS,falls/Ouchie-DangThatHurtMay2018_FailArmy8,1,0,0,0,1,,1,1,0,0,17.88,1,1,1,0,4.44;17.88,1,1,1,0,13.72;17.88
OOPS,falls/OutdoorFails-FloatonFebruary2017_FailArmy10,2,1,2,0,0,4.44;13.08,1,2,0,0,4.12;12.44,1,2,0,0,4.12;12.12,1,2,2,0,4.12;12.76;13.72;16.28
OOPS,falls/ParagliderProblems-FailsoftheWeekJuly201817,1,0,0,0,1,,1,1,0,0,14.36,1,1,0,0,14.36,1,1,2,0,14.68;16.92;18.84
OOPS,falls/PeopleVsNatureFails-ItsGoingToBlowYouAwayMay201755,1,1,1,0,0,3.48,1,0,0,1,,1,0,0,1,,1,0,0,1,
OOPS,falls/PolarVortexProblems10,3,0,0,0,3,,1,1,0,2,5.4,1,2,7,1,5.08;14.04;15.32;43.48;49.56;50.2;51.16;52.12;52.76,1,3,1,0,5.4;22.36;42.84;50.2
OOPS,falls/PolePosition-FailsoftheWeekSeptember2018_FailArmy17,0,1,0,1,0,11.8,1,0,0,0,,1,0,2,0,15.0;18.52,1,0,3,0,15.0;15.96;18.52
OOPS,falls/RapperSlipsofftheStage-FailsoftheWeekJuly201722,1,1,0,0,1,,1,0,0,1,,1,1,0,0,3.48,1,0,0,1,
OOPS,falls/RapperSlipsofftheStage-FailsoftheWeekJuly201727,1,1,1,1,0,4.44;6.36,1,1,3,0,2.52;4.12;6.36;7.64,1,1,1,0,4.12;6.36,1,1,1,0,4.12;6.68
OOPS,falls/Ready_Set_FailFailsoftheWeekSeptember2018_FailArmy25,1,1,0,0,1,,1,0,0,1,,1,0,0,1,,1,0,0,1,
OOPS,falls/RuralvsUrbanFailsAugust2018_FailArmy16,1,1,1,1,0,6.36;8.92,1,1,0,0,6.04,1,1,0,0,6.36,1,1,0,0,6.36
OOPS,falls/RussiansvsRednecks-FailArmyVersus14,2,1,1,2,1,10.84;12.76;13.4,1,1,1,1,9.56;14.68,1,1,1,1,8.6;10.84,1,1,0,1,10.52
OOPS,falls/SendItToFailArmy-FailsoftheWeekOctober201733,1,1,1,0,0,5.08,1,1,0,0,3.16,1,1,0,0,5.4,1,1,0,0,3.48
OOPS,falls/SledDeadRedemption-FailsoftheWeek_FailArmy23,1,0,0,0,1,,1,1,0,0,8.6,1,1,0,0,8.6,1,1,1,0,2.84;8.6
OOPS,falls/SnowDayFails-ItsColdOutThereJanuary2018_FailArmy0,1,1,1,0,0,6.04,1,1,0,0,5.72,1,1,0,0,5.4,1,1,1,0,5.72;7.96
OOPS,falls/SnowDayFails-ItsColdOutThereJanuary2018_FailArmy21,1,1,0,1,1,19.48,1,1,0,0,3.8,1,1,0,0,3.8,1,1,3,0,3.8;13.4;15.0;19.16
OOPS,falls/SnowDayFails-ItsColdOutThereJanuary2018_FailArmy44,1,1,1,0,0,8.28,1,1,0,0,7.96,1,1,0,0,7.96,1,1,0,0,7.96
OOPS,falls/SpringisHereMarch2019_FailArmy25,1,1,0,0,1,,1,0,0,1,,1,0,0,1,,1,0,0,1,
OOPS,falls/SticksvsStones-FailArmyVersusSeptember2017_FailArmy16,3,1,1,1,2,10.52;14.68,1,3,0,0,7.32;14.36;22.04,1,2,1,1,6.36;7.32;22.04,1,3,1,0,7.96;8.6;14.68;22.36
OOPS,falls/SwingsetStupidity-FailsoftheWeekMay2019_FailArmy14,1,1,0,0,1,,1,0,0,1,,1,0,0,1,,1,0,0,1,
OOPS,falls/TeeterTotterTurmoil-FailsoftheMonthJune2018_FailArmy12,1,1,1,0,0,23.96,1,1,0,0,23.96,1,1,3,0,16.6;23.96;27.48;33.56,1,1,2,0,15.96;24.28;33.24
OOPS,falls/TetherballtotheFace-FailsoftheWeekMarch2019_FailArmy25,2,0,0,0,2,,1,0,1,2,28.12,1,1,1,1,11.16;27.48,1,1,4,1,15.64;24.92;31.32;32.28;33.24
OOPS,falls/ThatCantBeGood-FailsoftheWeekNovember2016_FailArmy37,1,1,1,0,0,6.68,1,1,0,0,6.36,1,1,0,0,6.36,1,1,0,0,6.36
OOPS,falls/ThatsASidewaysWheelie-ThrowbackThursdayAugust2017_FailArmy0,1,1,0,0,1,,1,1,0,0,5.4,1,1,0,0,5.4,1,1,0,0,6.04
OOPS,falls/ThatsASidewaysWheelie-ThrowbackThursdayAugust2017_FailArmy4,1,1,0,0,1,,1,1,0,0,3.8,1,1,0,0,3.8,1,1,0,0,5.08
OOPS,falls/ThatsGoingtoLeaveaMark-ThrowbackThursdayAugust2017107,1,1,1,0,0,6.04,1,1,0,0,6.04,1,1,0,0,5.72,1,1,0,0,6.04
OOPS,falls/TheBestFailReactions-NowThatsFunnySeptember2017_FailArmy27,0,1,0,0,0,,1,0,1,0,2.84,1,0,1,0,2.52,1,0,2,0,2.84;4.76
OOPS,falls/TheBestFailsofAllTimeSoFar_byFailArmy8,1,1,0,0,1,,1,1,0,0,7.0,1,1,0,0,7.32,1,1,0,0,7.0
OOPS,falls/TheDroneofDoom-ThrowbackThursdayOctober2017_FailArmy42,1,1,0,0,1,,1,0,0,1,,1,0,0,1,,1,0,0,1,
OOPS,falls/TheNutcracker-FailArmyEdition32,2,1,2,0,0,3.8;16.6,1,2,1,0,3.8;14.36;15.96,1,2,1,0,3.8;14.68;15.96,1,2,1,0,3.8;16.28;16.92
OOPS,falls/TheReturnoftheFailNinja-ThrowbackThursdaySeptember2017_FailArmy23,2,1,1,1,1,23.64;25.56,1,1,1,1,23.0;25.24,1,2,2,0,6.36;18.84;22.68;25.24,1,1,3,1,16.6;22.68;25.24;25.88
OOPS,falls/TheSlideofDoom-FailsoftheWeek_FailArmy39,1,1,1,0,0,7.64,1,1,0,0,6.04,1,0,0,1,,1,0,0,1,
OOPS,falls/ThereWasAnAttempt_ThenAFailMarch2018_FailArmy11,1,1,0,0,1,,1,0,0,1,,1,0,0,1,,1,1,0,0,9.88
OOPS,falls/ThereWasAnAttempt_ThenAFailMarch2018_FailArmy23,0,1,0,0,0,,1,0,0,0,,1,0,0,0,,1,0,0,0,
OOPS,falls/TheresATruckInTheLake-FailsoftheWeekJuly201754,1,1,0,0,1,,1,0,1,1,6.36,1,1,3,0,2.52;6.36;7.0;10.52,1,0,0,1,
OOPS,falls/ThrowbackFails-BackflipBellyFlopsOptionalDecember2017_FailArmy69,1,0,0,0,1,,1,1,0,0,7.64,1,1,0,0,7.64,1,1,1,0,6.04;7.64
OOPS,falls/ThrowbackFails-CarriageCarnageApril2018_FailArmy71,3,0,0,0,3,,1,2,1,1,12.76;26.2;29.08,1,1,1,2,12.76;26.2,1,2,3,1,3.8;7.32;9.88;12.76;19.8
OOPS,falls/ThrowbackFails-FacePaintRequiredMarch2018_FailArmy31,1,1,1,0,0,5.08,1,1,0,0,4.44,1,1,0,0,4.12,1,1,0,0,4.44
OOPS,falls/ThrowbackFails-JumpAroundMarch2018_FailArmy47,0,1,0,1,0,8.6,1,0,0,0,,1,0,0,0,,1,0,0,0,
OOPS,falls/ThrowbackFails-JumpAroundMarch2018_FailArmy60,0,1,0,1,0,3.8,1,0,0,0,,1,0,2,0,3.8;9.56,1,0,0,0,
OOPS,falls/ThrowbackFails-JumpAroundMarch2018_FailArmy65,6,1,5,0,1,3.8;9.88;30.04;33.88;45.72,1,5,5,1,3.48;9.56;25.88;29.4;32.92;34.84;42.2;42.84;44.44;48.28,1,4,4,2,2.52;29.72;33.24;37.72;40.6;41.24;43.16;47.0,1,4,0,2,3.48;29.72;33.24;42.2
OOPS,falls/ThrowbackFails-SavedItJanuary2018_FailArmy13,3,1,0,0,3,,1,1,0,2,21.4,1,2,1,1,3.16;18.2;21.4,1,2,1,1,3.16;4.76;21.4
OOPS,falls/ThrowbackFails-SavedItJanuary2018_FailArmy54,2,1,1,0,1,11.48,1,1,1,1,11.16;12.44,1,1,2,1,2.84;11.16;14.04,1,1,0,1,10.84
OOPS,falls/ThrowbackFails-Thatsonegreedycat111,1,1,0,0,1,,1,1,0,0,8.28,1,1,0,0,7.96,1,1,1,0,7.96;25.24
OOPS,falls/ThrowbackFails-Thatsonegreedycat32,1,1,1,0,0,9.24,1,1,0,0,8.92,1,1,0,0,8.92,1,1,0,0,8.92
OOPS,falls/ThrowbackFails-Thatsonegreedycat33,1,1,0,1,1,6.68,1,1,0,0,2.52,1,1,0,0,2.52,1,0,0,1,
OOPS,falls/ThrowbackFails-WhenEnoughIsEnoughFebruary2018_FailArmy11,2,1,1,0,1,12.44,1,1,0,1,11.48,1,1,0,1,11.16,1,1,0,1,11.16
OOPS,falls/ThrowbackFails-WhenEnoughIsEnoughFebruary2018_FailArmy16,1,1,1,1,0,2.84;4.12,1,1,0,0,2.84,1,1,0,0,2.52,1,1,0,0,2.52
OOPS,falls/ThrowbackThursday-AreMyTeethOKMay201767,1,1,0,0,1,,1,0,1,1,3.16,1,1,2,0,3.16;5.72;8.28,1,1,0,0,8.6
OOPS,falls/ThrowbackThursday-ThatwasamazingMay2017123,1,0,0,0,1,,1,0,1,1,5.4,1,0,1,1,5.4,1,1,2,0,5.08;10.84;14.68
OOPS,falls/ThrowbackThursday-TryandstaybalancedApril201750,1,1,1,0,0,10.2,1,1,1,0,3.16;9.56,1,1,0,0,9.56,1,1,1,0,9.88;10.52
OOPS,falls/ThrowbackThursdayFails-HereGoesNothingApril2017_FailArmy40,1,0,0,0,1,,1,0,0,1,,1,0,1,1,14.36,1,0,3,1,15.0;17.56;23.96
OOPS,falls/ThrowbackThursdayFails-ThisWatersGross_FailArmy58,0,1,0,0,0,,1,0,0,0,,1,0,0,0,,1,0,0,0,
OOPS,falls/TreadmillTerror-FailsoftheWeekNovember2018_FailArmy28,1,1,1,0,0,2.52,1,1,0,0,2.52,1,1,0,0,2.52,1,1,0,0,2.52
OOPS,falls/TricycleTrouble-FailsoftheWeekSeptember2018_FailArmy16,2,1,1,0,1,12.76,1,2,0,0,10.2;11.8,1,1,0,1,11.48,1,1,1,1,6.68;11.48
OOPS,falls/UltimateParkourFailsCompilationPart2byFailArmy_YouAreTheKingOfBails_Man60,1,1,1,0,0,3.8,1,1,2,0,3.16;3.8;12.12,1,1,0,0,3.48,1,1,1,0,3.16;4.44
OOPS,falls/UltimateWinterFailsCompilation_Boards_Skis_andSnowfromFailArmy17,1,1,1,0,0,9.24,1,1,0,0,8.92,1,0,0,1,,1,1,0,0,8.92
OOPS,falls/UltimateWinterFailsCompilation_Boards_Skis_andSnowfromFailArmy6,1,1,0,1,1,2.52,1,1,0,0,8.6,1,1,0,0,6.04,1,0,0,1,
OOPS,falls/UltimateWinterFailsCompilation_Boards_Skis_andSnowfromFailArmy9,1,1,1,0,0,4.12,1,1,1,0,3.16;6.68,1,1,0,0,2.52,1,1,1,0,3.48;7.0
OOPS,falls/ValentinesDayFailsCompilation_SalutetoForeverAlonebyFailArmy4,1,1,0,1,1,6.04,1,1,1,0,20.12;29.08,1,1,0,0,29.08,1,1,0,0,28.76
OOPS,falls/VirtualRealityFreakout-FailsoftheWeekNovember2018_FailArmy29,1,1,0,0,1,,1,1,0,0,3.48,1,0,1,1,7.32,1,1,0,0,2.52
OOPS,falls/WakeboardWipeout-FailsoftheWeekApril2019_FailArmy17,1,1,1,0,0,9.88,1,1,1,0,6.36;9.24,1,1,0,0,9.24,1,1,1,0,9.24;16.28
OOPS,falls/WakeboardWipeout-FailsoftheWeekApril2019_FailArmy7,3,1,3,1,0,2.52;5.08;6.04;7.96,1,1,0,2,5.4,1,2,0,1,2.52;5.08,1,3,1,0,2.52;3.48;4.12;5.72
OOPS,falls/WatchOutForThatTreeFailsoftheWeekFebruary2019_FailArmy10,1,1,1,0,0,6.36,1,0,0,1,,1,1,0,0,5.72,1,0,0,1,
OOPS,falls/WereBackFailsoftheWeekMay2019_FailArmy11,1,1,1,0,0,13.72,1,1,0,0,14.04,1,1,1,0,13.08;13.72,1,1,0,0,13.72
OOPS,falls/WheelieGoneWrong-FailsoftheWeekMay2018_FailArmy3,3,1,1,0,2,8.28,1,2,1,1,7.96;17.88;18.84,1,2,2,1,6.36;7.96;16.92;22.04,1,2,0,1,7.96;23.0
OOPS,falls/WhenNothingGoesRight-ThrowbackFailsJune2017_FailArmy41,1,1,0,0,1,,1,1,0,0,6.04,1,0,0,1,,1,0,0,1,
OOPS,falls/WhipIt_WhipItRealGood-FailsoftheMonthNovember2017_FailArmy44,2,0,0,0,2,,1,1,0,1,13.08,1,0,0,2,,1,1,0,1,6.36
OOPS,falls/WinterFailsJanuary2017_FailArmy32,2,1,2,1,0,3.16;4.44;12.12,1,2,0,0,2.52;11.16,1,1,0,1,11.16,1,2,0,0,2.52;11.16
OOPS,falls/WinterFailsJanuary2017_FailArmy45,1,1,1,0,0,5.08,1,1,1,0,5.08;6.68,1,1,1,0,4.76;5.72,1,1,1,0,4.76;7.96
OOPS,falls/WinterisComing-SnowFailsOctober2018_FailArmy21,1,1,0,0,1,,1,1,0,0,7.64,1,1,0,0,7.64,1,1,0,0,7.64
OOPS,falls/WorkSucks-FailingAtWorkJune2018_FailArmy23,1,0,0,0,1,,1,1,0,0,55.0,1,1,0,0,55.0,1,1,0,0,55.0
OOPS,falls/YogaFails-ImSoZenRightNowApril2017_FailArmy16,0,1,0,0,0,,1,0,0,0,,1,0,1,0,10.84,1,0,0,0,
OOPS,falls/YouveGotBadFriends-FriendshipFailsSeptember2018_FailArmy32,1,1,0,0,1,,1,1,2,0,3.16;4.44;8.28,1,1,2,0,5.08;8.28;14.36,1,1,1,0,3.16;9.24
