id,dataset,scope,ground_truth,gt_intervals,all_models_processed,ours_tp_vs_any_fn,comparator_video_fn_count,comparator_video_fn,comparator_event_miss,Ours_video,Ours_processed,Ours_event_tp,Ours_event_fp,Ours_event_fn,Ours_alarm_times_s,USDRL_NTU60_video,USDRL_NTU60_processed,USDRL_NTU60_event_tp,USDRL_NTU60_event_fp,USDRL_NTU60_event_fn,USDRL_NTU60_alarm_times_s,HFD_video,HFD_processed,HFD_event_tp,HFD_event_fp,HFD_event_fn,HFD_alarm_times_s,X3D_UDA_video,X3D_UDA_processed,X3D_UDA_event_tp,X3D_UDA_event_fp,X3D_UDA_event_fn,X3D_UDA_alarm_times_s,FLASH_video,FLASH_processed,FLASH_event_tp,FLASH_event_fp,FLASH_event_fn,FLASH_alarm_times_s
cauca__backwards__FallBackwardsS4,CAUCAFall,cauca100,fall,"[{""fall_start"":2.1500000953674316,""fall_end"":5.210000038146973,""row_index"":90}]",True,True,1,USDRL_NTU60,USDRL_NTU60,TP,True,1,0,0,[4.12],FN,True,0,0,1,[],TP,True,1,0,0,[3.95],TP,True,,,,,TP,True,1,5,0,"[0.35, 1.9, 2.25, 3.55, 3.95, 5.35]"
cauca__backwards__FallBackwardsS5,CAUCAFall,cauca100,fall,"[{""fall_start"":0.75,""fall_end"":3.8499999046325684,""row_index"":109}]",True,True,1,USDRL_NTU60,USDRL_NTU60,TP,True,1,0,0,[2.84],FN,True,0,0,1,[],TP,True,1,1,0,"[3.15, 6.35]",TP,True,,,,,TP,True,1,3,0,"[0.35, 1.85, 5.4, 10.4]"
cauca__backwards__FallBackwardsS6,CAUCAFall,cauca100,fall,"[{""fall_start"":2.2200000286102295,""fall_end"":5.920000076293945,""row_index"":139}]",True,True,1,USDRL_NTU60,USDRL_NTU60;HFD,TP,True,1,0,0,[5.08],FN,True,0,0,1,[],TP,True,0,1,1,[0.75],TP,True,,,,,TP,True,1,4,0,"[0.1, 0.3, 5.7, 5.85, 10.4]"
cauca__backwards__FallBackwardsS7,CAUCAFall,cauca100,fall,"[{""fall_start"":3.0899999141693115,""fall_end"":5.550000190734863,""row_index"":171}]",True,True,1,USDRL_NTU60,USDRL_NTU60,TP,True,1,0,0,[5.08],FN,True,0,0,1,[],TP,True,1,1,0,"[3.95, 5.55]",TP,True,,,,,TP,True,1,3,0,"[0.35, 4.0, 5.35, 10.4]"
cauca__forward__FallForwardS10,CAUCAFall,cauca100,fall,"[{""fall_start"":0.8600000143051147,""fall_end"":3.559999942779541,""row_index"":240}]",True,True,1,USDRL_NTU60,USDRL_NTU60,TP,True,1,0,0,[2.52],FN,True,0,0,1,[],TP,True,1,0,0,[3.15],TP,True,,,,,TP,True,1,8,0,"[1.1, 1.6, 2.4, 2.9, 3.05, 3.25, 5.1, 5.3, 10.35]"
cauca__forward__FallForwardS2,CAUCAFall,cauca100,fall,"[{""fall_start"":0.0,""fall_end"":1.8799999952316284,""row_index"":26}]",True,True,1,USDRL_NTU60,USDRL_NTU60,TP,True,1,0,0,[2.52],FN,True,0,0,1,[],TP,True,1,0,0,[1.55],TP,True,,,,,TP,True,1,1,0,"[1.1, 1.3]"
cauca__forward__FallForwardS3,CAUCAFall,cauca100,fall,"[{""fall_start"":3.009999990463257,""fall_end"":5.190000057220459,""row_index"":66}]",True,True,1,USDRL_NTU60,USDRL_NTU60,TP,True,1,1,0,"[4.44, 5.4]",FN,True,0,0,1,[],TP,True,1,0,0,[3.95],TP,True,,,,,TP,True,1,3,0,"[3.3, 4.7, 5.8, 5.95]"
cauca__forward__FallForwardS6,CAUCAFall,cauca100,fall,"[{""fall_start"":2.359999895095825,""fall_end"":5.199999809265137,""row_index"":140}]",True,True,1,USDRL_NTU60,USDRL_NTU60,TP,True,1,0,0,[4.44],FN,True,0,0,1,[],TP,True,1,0,0,[3.95],TP,True,,,,,TP,True,1,3,0,"[3.0, 4.7, 5.35, 7.0]"
cauca__forward__FallForwardS8,CAUCAFall,cauca100,fall,"[{""fall_start"":0.7099999785423279,""fall_end"":2.549999952316284,""row_index"":190}]",False,True,2,USDRL_NTU60;FLASH,USDRL_NTU60;FLASH,TP,True,1,0,0,[2.52],FN,True,0,0,1,[],TP,True,1,1,0,"[0.75, 4.75]",TP,True,,,,,FN,False,0,0,1,[]
cauca__forward__FallForwardS9,CAUCAFall,cauca100,fall,"[{""fall_start"":1.25,""fall_end"":3.450000047683716,""row_index"":216}]",True,True,2,USDRL_NTU60;X3D_UDA,USDRL_NTU60,TP,True,1,0,0,[3.16],FN,True,0,0,1,[],TP,True,1,0,0,[3.15],FN,True,,,,,TP,True,1,4,0,"[1.0, 1.2, 2.35, 5.1, 6.95]"
cauca__side__FallLeftS1,CAUCAFall,cauca100,fall,"[{""fall_start"":0.9100000262260437,""fall_end"":2.990000009536743,""row_index"":11}]",True,True,1,USDRL_NTU60,USDRL_NTU60,TP,True,1,0,0,[2.52],FN,True,0,0,1,[],TP,True,1,0,0,[2.35],TP,True,,,,,TP,True,1,1,0,"[0.35, 2.3]"
cauca__side__FallLeftS10,CAUCAFall,cauca100,fall,"[{""fall_start"":0.9700000286102295,""fall_end"":3.3499999046325684,""row_index"":241}]",True,True,1,USDRL_NTU60,USDRL_NTU60,TP,True,1,0,0,[2.52],FN,True,0,0,1,[],TP,True,1,0,0,[0.75],TP,True,,,,,TP,True,1,4,0,"[0.4, 5.05, 9.45, 10.1, 10.2]"
cauca__side__FallLeftS2,CAUCAFall,cauca100,fall,"[{""fall_start"":0.6100000143051147,""fall_end"":3.2300000190734863,""row_index"":37}]",True,True,1,HFD,HFD,TP,True,1,0,0,[2.52],TP,True,1,1,0,"[2.52, 3.16]",FN,True,0,0,1,[],TP,True,,,,,TP,True,1,2,0,"[0.35, 3.55, 5.4]"
cauca__side__FallLeftS4,CAUCAFall,cauca100,fall,"[{""fall_start"":1.9800000190734863,""fall_end"":4.179999828338623,""row_index"":89}]",True,True,1,USDRL_NTU60,USDRL_NTU60;FLASH,TP,True,1,0,0,[3.48],FN,True,0,0,1,[],TP,True,1,0,0,[3.15],TP,True,,,,,TP,True,0,1,1,[0.35]
cauca__side__FallLeftS8,CAUCAFall,cauca100,fall,"[{""fall_start"":1.0,""fall_end"":3.4000000953674316,""row_index"":191}]",True,True,1,USDRL_NTU60,USDRL_NTU60;FLASH,TP,True,1,0,0,[3.16],FN,True,0,0,1,[],TP,True,1,1,0,"[0.75, 2.35]",TP,True,,,,,TP,True,0,3,1,"[0.35, 6.85, 8.0]"
cauca__side__FallRightS10,CAUCAFall,cauca100,fall,"[{""fall_start"":2.2699999809265137,""fall_end"":4.409999847412109,""row_index"":246}]",True,True,1,USDRL_NTU60,USDRL_NTU60;HFD,TP,True,1,0,0,[4.12],FN,True,0,0,1,[],TP,True,0,1,1,[0.75],TP,True,,,,,TP,True,1,2,0,"[0.5, 5.35, 10.05]"
cauca__side__FallRightS2,CAUCAFall,cauca100,fall,"[{""fall_start"":1.059999942779541,""fall_end"":2.619999885559082,""row_index"":38}]",True,True,1,HFD,HFD;FLASH,TP,True,1,0,0,[2.52],TP,True,1,0,0,[2.84],FN,True,0,0,1,[],TP,True,,,,,TP,True,0,2,1,"[0.0, 0.25]"
cauca__side__FallRightS6,CAUCAFall,cauca100,fall,"[{""fall_start"":2.9000000953674316,""fall_end"":5.119999885559082,""row_index"":142}]",True,True,2,USDRL_NTU60;X3D_UDA,USDRL_NTU60,TP,True,1,0,0,[4.44],FN,True,0,0,1,[],TP,True,1,2,0,"[3.95, 6.35, 8.75]",FN,True,,,,,TP,True,1,5,0,"[0.35, 4.2, 4.4, 5.45, 6.8, 10.4]"
cauca__side__FallSittingS1,CAUCAFall,cauca100,fall,"[{""fall_start"":1.850000023841858,""fall_end"":5.989999771118164,""row_index"":13}]",True,True,1,USDRL_NTU60,USDRL_NTU60,TP,True,1,0,0,[5.4],FN,True,0,0,1,[],TP,True,1,0,0,[3.95],TP,True,,,,,TP,True,1,1,0,"[0.35, 5.35]"
cauca__side__FallSittingS2,CAUCAFall,cauca100,fall,"[{""fall_start"":2.240000009536743,""fall_end"":5.619999885559082,""row_index"":42}]",True,True,1,USDRL_NTU60,USDRL_NTU60,TP,True,1,1,0,"[4.44, 6.04]",FN,True,0,0,1,[],TP,True,1,1,0,"[3.15, 5.55]",TP,True,,,,,TP,True,1,6,0,"[0.35, 4.0, 4.15, 5.55, 7.05, 7.25, 7.4]"
cauca__side__FallSittingS4,CAUCAFall,cauca100,fall,"[{""fall_start"":2.259999990463257,""fall_end"":4.099999904632568,""row_index"":91}]",True,True,1,X3D_UDA,,TP,True,1,0,0,[4.44],TP,True,1,0,0,[4.12],TP,True,1,1,0,"[3.15, 6.35]",FN,True,,,,,TP,True,1,2,0,"[0.4, 4.25, 5.05]"
cauca__side__FallSittingS9,CAUCAFall,cauca100,fall,"[{""fall_start"":1.5399999618530273,""fall_end"":5.0,""row_index"":218}]",True,True,1,USDRL_NTU60,USDRL_NTU60,TP,True,1,0,0,[5.72],FN,True,0,0,1,[],TP,True,1,0,0,[2.35],TP,True,,,,,TP,True,1,6,0,"[0.35, 3.75, 3.9, 4.1, 5.4, 10.1, 10.3]"
le2i__Coffee_room_01_001,Le2i,le2i130,fall,"[{""fall_start"":1.92,""fall_end"":3.2}]",True,True,1,HFD,HFD,TP,True,1,0,0,[2.84],TP,True,1,0,0,[2.84],FN,True,0,0,1,[],TP,True,,,,,TP,True,1,1,0,"[0.68, 1.6]"
le2i__Coffee_room_01_002,Le2i,le2i130,fall,"[{""fall_start"":7.68,""fall_end"":8.76}]",True,True,1,X3D_UDA,,TP,True,1,0,0,[8.92],TP,True,1,0,0,[9.24],TP,True,1,0,0,[10.2],FN,True,,,,,TP,True,1,7,0,"[0.28, 8.08, 8.16, 9.16, 10.2, 11.16, 11.24, 11.44]"
le2i__Coffee_room_01_003,Le2i,le2i130,fall,"[{""fall_start"":8.92,""fall_end"":10.44}]",True,True,2,HFD;X3D_UDA,HFD;FLASH,TP,True,1,0,0,[10.2],TP,True,1,0,0,[10.2],FN,True,0,0,1,[],FN,True,,,,,TP,True,0,4,1,"[0.56, 0.84, 4.16, 8.28]"
le2i__Coffee_room_01_004,Le2i,le2i130,fall,"[{""fall_start"":4.92,""fall_end"":6.2}]",True,True,2,HFD;X3D_UDA,HFD;FLASH,TP,True,1,0,0,[6.04],TP,True,1,0,0,[6.68],FN,True,0,0,1,[],FN,True,,,,,TP,True,0,3,1,"[0.6, 0.88, 4.32]"
le2i__Coffee_room_01_005,Le2i,le2i130,fall,"[{""fall_start"":5.16,""fall_end"":6.44}]",True,True,2,HFD;X3D_UDA,HFD;FLASH,TP,True,1,0,0,[6.36],TP,True,1,0,0,[6.68],FN,True,0,0,1,[],FN,True,,,,,TP,True,0,3,1,"[0.32, 2.36, 4.32]"
le2i__Coffee_room_01_007,Le2i,le2i130,fall,"[{""fall_start"":3.84,""fall_end"":5.04}]",True,True,1,HFD,HFD,TP,True,1,0,0,[5.08],TP,True,1,0,0,[5.72],FN,True,0,0,1,[],TP,True,,,,,TP,True,1,2,0,"[0.28, 2.84, 4.24]"
le2i__Coffee_room_01_008,Le2i,le2i130,fall,"[{""fall_start"":6.28,""fall_end"":7.28}]",True,True,2,HFD;X3D_UDA,HFD,TP,True,1,0,0,[7.64],TP,True,1,0,0,[7.32],FN,True,0,0,1,[],FN,True,,,,,TP,True,1,10,0,"[0.0, 0.16, 4.28, 7.08, 7.56, 7.96, 8.28, 8.72, 9.2, 9.88, 10.12]"
le2i__Coffee_room_01_009,Le2i,le2i130,fall,"[{""fall_start"":3.72,""fall_end"":5.0}]",True,True,1,HFD,HFD,TP,True,1,0,0,[4.76],TP,True,1,0,0,[4.44],FN,True,0,0,1,[],TP,True,,,,,TP,True,1,1,0,"[0.28, 4.28]"
le2i__Coffee_room_01_010,Le2i,le2i130,fall,"[{""fall_start"":8.44,""fall_end"":9.52}]",True,True,1,HFD,HFD,TP,True,1,0,0,[9.56],TP,True,1,0,0,[9.56],FN,True,0,0,1,[],TP,True,,,,,TP,True,1,6,0,"[0.68, 5.6, 6.08, 8.32, 9.88, 12.28, 13.04]"
le2i__Coffee_room_01_011,Le2i,le2i130,fall,"[{""fall_start"":15.0,""fall_end"":16.16}]",True,True,2,HFD;X3D_UDA,HFD,TP,True,1,0,0,[16.28],TP,True,1,0,0,[15.96],FN,True,0,0,1,[],FN,True,,,,,TP,True,1,5,0,"[1.44, 1.76, 4.16, 8.28, 15.32, 16.28]"
le2i__Coffee_room_01_012,Le2i,le2i130,fall,"[{""fall_start"":2.12,""fall_end"":3.0}]",True,True,1,HFD,HFD,TP,True,1,0,0,[3.48],TP,True,1,0,0,[3.8],FN,True,0,0,1,[],TP,True,,,,,TP,True,1,2,0,"[0.28, 3.32, 4.28]"
le2i__Coffee_room_01_014,Le2i,le2i130,fall,"[{""fall_start"":2.08,""fall_end"":3.04}]",True,True,3,USDRL_NTU60;HFD;X3D_UDA,USDRL_NTU60;HFD,TP,True,1,0,0,[3.16],FN,True,0,0,1,[],FN,True,0,0,1,[],FN,True,,,,,TP,True,1,2,0,"[0.0, 0.64, 4.04]"
le2i__Coffee_room_01_015,Le2i,le2i130,fall,"[{""fall_start"":1.92,""fall_end"":2.92}]",True,True,2,USDRL_NTU60;HFD,USDRL_NTU60;HFD,TP,True,1,0,0,[2.84],FN,True,0,0,1,[],FN,True,0,0,1,[],TP,True,,,,,TP,True,1,2,0,"[0.24, 2.52, 4.04]"
le2i__Coffee_room_01_016,Le2i,le2i130,fall,"[{""fall_start"":1.84,""fall_end"":2.6}]",True,True,1,HFD,HFD,TP,True,1,0,0,[2.84],TP,True,1,0,0,[3.16],FN,True,0,0,1,[],TP,True,,,,,TP,True,1,1,0,"[0.52, 4.04]"
le2i__Coffee_room_01_017,Le2i,le2i130,fall,"[{""fall_start"":0.8,""fall_end"":2.28}]",True,True,1,HFD,HFD,TP,True,1,0,0,[2.52],TP,True,1,0,0,[2.52],FN,True,0,0,1,[],TP,True,,,,,TP,True,1,1,0,"[0.36, 4.32]"
le2i__Coffee_room_01_018,Le2i,le2i130,fall,"[{""fall_start"":6.16,""fall_end"":7.36}]",True,True,2,HFD;X3D_UDA,HFD,TP,True,1,0,0,[7.32],TP,True,1,0,0,[7.32],FN,True,0,0,1,[],FN,True,,,,,TP,True,1,5,0,"[0.0, 0.16, 4.28, 5.44, 5.56, 8.32]"
le2i__Coffee_room_01_019,Le2i,le2i130,fall,"[{""fall_start"":3.56,""fall_end"":5.16}]",True,True,1,HFD,HFD,TP,True,1,0,0,[4.76],TP,True,1,0,0,[5.08],FN,True,0,0,1,[],TP,True,,,,,TP,True,1,3,0,"[0.28, 4.24, 4.92, 8.28]"
le2i__Coffee_room_01_020,Le2i,le2i130,fall,"[{""fall_start"":13.2,""fall_end"":15.0}]",True,True,2,HFD;X3D_UDA,HFD,TP,True,1,0,0,[14.36],TP,True,1,0,0,[14.36],FN,True,0,0,1,[],FN,True,,,,,TP,True,1,6,0,"[0.28, 4.28, 8.08, 8.24, 8.44, 12.32, 16.28]"
le2i__Coffee_room_01_021,Le2i,le2i130,fall,"[{""fall_start"":3.4,""fall_end"":4.04}]",True,True,1,HFD,HFD,TP,True,1,0,0,[4.44],TP,True,1,0,0,[4.76],FN,True,0,0,1,[],TP,True,,,,,TP,True,1,1,0,"[0.4, 4.28]"
le2i__Coffee_room_01_022,Le2i,le2i130,fall,"[{""fall_start"":5.0,""fall_end"":5.6}]",True,True,1,HFD,HFD,TP,True,1,0,0,[6.04],TP,True,1,0,0,[5.72],FN,True,0,0,1,[],TP,True,,,,,TP,True,1,2,0,"[0.32, 4.32, 8.28]"
le2i__Coffee_room_01_023,Le2i,le2i130,fall,"[{""fall_start"":8.36,""fall_end"":9.76}]",True,True,1,HFD,HFD,TP,True,1,0,0,[9.24],TP,True,1,0,0,[8.92],FN,True,0,0,1,[],TP,True,,,,,TP,True,1,4,0,"[0.4, 4.32, 8.28, 10.52, 10.6]"
le2i__Coffee_room_01_024,Le2i,le2i130,fall,"[{""fall_start"":8.36,""fall_end"":9.4}]",True,True,1,HFD,HFD,TP,True,1,0,0,[9.24],TP,True,1,0,0,[8.92],FN,True,0,0,1,[],TP,True,,,,,TP,True,1,7,0,"[0.0, 0.08, 0.48, 4.32, 8.28, 8.44, 9.44, 9.56]"
le2i__Coffee_room_01_025,Le2i,le2i130,fall,"[{""fall_start"":5.48,""fall_end"":7.16}]",True,True,1,HFD,HFD,TP,True,1,0,0,[6.36],TP,True,1,0,0,[6.04],FN,True,0,0,1,[],TP,True,,,,,TP,True,1,5,0,"[0.0, 4.28, 5.6, 5.76, 5.88, 8.32]"
le2i__Coffee_room_01_026,Le2i,le2i130,fall,"[{""fall_start"":7.88,""fall_end"":9.08}]",True,True,1,HFD,HFD,TP,True,1,0,0,[9.24],TP,True,1,0,0,[9.24],FN,True,0,0,1,[],TP,True,,,,,TP,True,1,2,0,"[0.28, 4.32, 8.04]"
le2i__Coffee_room_01_027,Le2i,le2i130,fall,"[{""fall_start"":6.52,""fall_end"":7.84}]",True,True,1,HFD,HFD,TP,True,1,0,0,[7.32],TP,True,1,1,0,"[2.84, 7.0]",FN,True,0,0,1,[],TP,True,,,,,TP,True,1,1,0,"[0.32, 8.32]"
le2i__Coffee_room_01_028,Le2i,le2i130,fall,"[{""fall_start"":2.36,""fall_end"":3.6}]",True,True,1,HFD,HFD,TP,True,1,0,0,[3.48],TP,True,1,0,0,[3.48],FN,True,0,0,1,[],TP,True,,,,,TP,True,1,3,0,"[0.32, 2.84, 4.08, 4.28]"
le2i__Coffee_room_01_029,Le2i,le2i130,fall,"[{""fall_start"":11.88,""fall_end"":13.12}]",True,True,3,USDRL_NTU60;HFD;X3D_UDA,USDRL_NTU60;HFD,TP,True,1,0,0,[13.08],FN,True,0,0,1,[],FN,True,0,0,1,[],FN,True,,,,,TP,True,1,6,0,"[0.16, 4.04, 4.16, 8.4, 10.28, 12.28, 12.36]"
le2i__Coffee_room_01_030,Le2i,le2i130,fall,"[{""fall_start"":3.2,""fall_end"":4.16}]",True,True,1,HFD,HFD,TP,True,1,0,0,[4.12],TP,True,1,0,0,[4.76],FN,True,0,0,1,[],TP,True,,,,,TP,True,1,3,0,"[0.08, 0.2, 1.8, 4.04]"
le2i__Coffee_room_01_031,Le2i,le2i130,fall,"[{""fall_start"":6.32,""fall_end"":7.04}]",True,True,1,HFD,HFD,TP,True,1,0,0,[7.64],TP,True,1,0,0,[7.32],FN,True,0,0,1,[],TP,True,,,,,TP,True,1,3,0,"[0.0, 1.16, 4.32, 8.04]"
le2i__Coffee_room_01_032,Le2i,le2i130,fall,"[{""fall_start"":8.24,""fall_end"":9.16}]",True,True,2,HFD;X3D_UDA,HFD,TP,True,1,0,0,[9.24],TP,True,1,0,0,[9.24],FN,True,0,0,1,[],FN,True,,,,,TP,True,1,3,0,"[0.32, 4.28, 6.64, 8.36]"
le2i__Coffee_room_01_033,Le2i,le2i130,fall,"[{""fall_start"":3.48,""fall_end"":4.64}]",True,True,1,HFD,HFD,TP,True,1,0,0,[4.44],TP,True,1,0,0,[4.44],FN,True,0,0,1,[],TP,True,,,,,TP,True,1,4,0,"[0.28, 0.6, 0.8, 4.04, 8.04]"
le2i__Coffee_room_01_034,Le2i,le2i130,fall,"[{""fall_start"":13.24,""fall_end"":14.28}]",True,True,1,HFD,HFD,TP,True,1,0,0,[14.36],TP,True,1,0,0,[14.36],FN,True,0,0,1,[],TP,True,,,,,TP,True,1,4,0,"[0.28, 4.28, 8.28, 12.28, 16.28]"
le2i__Coffee_room_01_035,Le2i,le2i130,fall,"[{""fall_start"":2.96,""fall_end"":4.24}]",True,True,2,USDRL_NTU60;HFD,USDRL_NTU60;HFD;FLASH,TP,True,1,0,0,[3.8],FN,True,0,0,1,[],FN,True,0,0,1,[],TP,True,,,,,TP,True,0,3,1,"[0.0, 0.12, 8.04]"
le2i__Coffee_room_01_036,Le2i,le2i130,fall,"[{""fall_start"":43.52,""fall_end"":44.64}]",True,True,2,HFD;X3D_UDA,HFD,TP,True,1,0,0,[44.76],TP,True,1,0,0,[44.44],FN,True,0,0,1,[],FN,True,,,,,TP,True,1,15,0,"[0.28, 5.72, 8.36, 8.88, 9.04, 10.04, 12.32, 16.36, 18.36, 20.32, 28.32, 32.32, 36.28, 40.28, 44.04, 48.04]"
le2i__Coffee_room_01_037,Le2i,le2i130,fall,"[{""fall_start"":2.28,""fall_end"":3.28}]",True,True,2,USDRL_NTU60;HFD,USDRL_NTU60;HFD,TP,True,1,0,0,[3.48],FN,True,0,0,1,[],FN,True,0,0,1,[],TP,True,,,,,TP,True,1,3,0,"[0.04, 0.12, 4.04, 8.04]"
le2i__Coffee_room_01_038,Le2i,le2i130,fall,"[{""fall_start"":9.48,""fall_end"":10.4}]",True,True,1,HFD,HFD,TP,True,1,0,0,[10.84],TP,True,1,0,0,[10.2],FN,True,0,0,1,[],TP,True,,,,,TP,True,1,4,0,"[0.28, 4.28, 8.28, 10.04, 12.28]"
le2i__Coffee_room_01_039,Le2i,le2i130,fall,"[{""fall_start"":1.96,""fall_end"":3.0}]",True,True,1,HFD,HFD,TP,True,1,0,0,[2.84],TP,True,1,0,0,[2.84],FN,True,0,0,1,[],TP,True,,,,,TP,True,1,1,0,"[0.48, 4.28]"
le2i__Coffee_room_01_040,Le2i,le2i130,fall,"[{""fall_start"":10.36,""fall_end"":11.68}]",True,True,2,HFD;X3D_UDA,HFD,TP,True,1,0,0,[11.48],TP,True,1,0,0,[11.16],FN,True,0,0,1,[],FN,True,,,,,TP,True,1,4,0,"[0.6, 4.32, 8.72, 11.48, 12.88]"
le2i__Coffee_room_01_041,Le2i,le2i130,fall,"[{""fall_start"":10.68,""fall_end"":11.68}]",True,True,2,HFD;X3D_UDA,HFD,TP,True,1,0,0,[11.8],TP,True,1,0,0,[11.48],FN,True,0,0,1,[],FN,True,,,,,TP,True,1,9,0,"[0.16, 4.32, 8.08, 8.24, 8.68, 8.84, 9.0, 11.8, 12.08, 12.24]"
le2i__Coffee_room_01_042,Le2i,le2i130,fall,"[{""fall_start"":4.44,""fall_end"":5.24}]",True,True,1,HFD,HFD,TP,True,1,0,0,[5.4],TP,True,1,0,0,[5.08],FN,True,0,0,1,[],TP,True,,,,,TP,True,1,1,0,"[0.32, 4.36]"
le2i__Coffee_room_01_043,Le2i,le2i130,fall,"[{""fall_start"":25.28,""fall_end"":26.48}]",True,True,1,HFD,HFD,TP,True,1,0,0,[26.2],TP,True,1,0,0,[25.88],FN,True,0,0,1,[],TP,True,,,,,TP,True,1,7,0,"[0.28, 4.32, 8.32, 12.28, 16.28, 20.28, 24.28, 28.28]"
le2i__Coffee_room_01_044,Le2i,le2i130,fall,"[{""fall_start"":2.16,""fall_end"":3.44}]",True,True,1,HFD,HFD,TP,True,1,0,0,[3.16],TP,True,1,1,0,"[2.84, 3.8]",FN,True,0,0,1,[],TP,True,,,,,TP,True,1,2,0,"[0.28, 2.96, 4.28]"
le2i__Coffee_room_01_045,Le2i,le2i130,fall,"[{""fall_start"":4.0,""fall_end"":5.16}]",True,True,1,HFD,HFD,TP,True,1,0,0,[5.08],TP,True,1,0,0,[4.76],FN,True,0,0,1,[],TP,True,,,,,TP,True,1,2,0,"[0.32, 4.28, 8.4]"
le2i__Coffee_room_01_046,Le2i,le2i130,fall,"[{""fall_start"":6.6,""fall_end"":7.48}]",True,True,1,HFD,HFD,TP,True,1,0,0,[7.64],TP,True,1,0,0,[7.32],FN,True,0,0,1,[],TP,True,,,,,TP,True,1,3,0,"[0.28, 4.28, 8.08, 8.28]"
le2i__Coffee_room_01_047,Le2i,le2i130,fall,"[{""fall_start"":25.0,""fall_end"":26.32}]",True,True,2,HFD;X3D_UDA,HFD,TP,True,1,0,0,[25.88],TP,True,1,0,0,[25.88],FN,True,0,0,1,[],FN,True,,,,,TP,True,1,13,0,"[0.28, 4.2, 4.36, 5.16, 8.32, 11.44, 12.32, 15.0, 16.32, 20.28, 24.32, 25.6, 28.08, 28.2]"
le2i__Coffee_room_01_048,Le2i,le2i130,fall,"[{""fall_start"":26.16,""fall_end"":27.44}]",True,True,2,HFD;X3D_UDA,HFD,TP,True,1,0,0,[27.16],TP,True,1,0,0,[26.52],FN,True,0,0,1,[],FN,True,,,,,TP,True,1,7,0,"[0.32, 4.32, 8.32, 12.28, 16.28, 20.28, 24.28, 28.32]"
le2i__Coffee_room_02_049,Le2i,le2i130,fall,"[{""fall_start"":17.08,""fall_end"":18.16}]",True,True,1,X3D_UDA,FLASH,TP,True,1,0,0,[18.2],TP,True,1,0,0,[17.56],TP,True,1,0,0,[18.52],FN,True,,,,,TP,True,0,7,1,"[0.48, 0.6, 4.28, 8.04, 12.04, 13.24, 16.28]"
le2i__Coffee_room_02_050,Le2i,le2i130,fall,"[{""fall_start"":72.64,""fall_end"":74.08}]",True,True,2,HFD;X3D_UDA,HFD,TP,True,1,0,0,[73.56],TP,True,1,0,0,[73.88],FN,True,0,0,1,[],FN,True,,,,,TP,True,1,21,0,"[0.32, 1.32, 4.24, 8.16, 12.44, 16.32, 20.04, 28.08, 28.24, 36.2, 40.2, 44.2, 45.48, 48.28, 50.52, 52.48, 56.28, 60.28, 64.36, 68.28, 72.6, 76.04]"
le2i__Coffee_room_02_051,Le2i,le2i130,fall,"[{""fall_start"":3.04,""fall_end"":4.68}]",True,True,1,HFD,HFD,TP,True,1,0,0,[4.44],TP,True,1,0,0,[4.76],FN,True,0,0,1,[],TP,True,,,,,TP,True,1,3,0,"[1.36, 4.12, 4.24, 8.04]"
le2i__Coffee_room_02_052,Le2i,le2i130,fall,"[{""fall_start"":3.48,""fall_end"":4.52}]",True,True,1,HFD,HFD,TP,True,1,0,0,[4.44],TP,True,1,0,0,[4.76],FN,True,0,0,1,[],TP,True,,,,,TP,True,1,1,0,"[0.28, 4.16]"
le2i__Coffee_room_02_053,Le2i,le2i130,fall,"[{""fall_start"":10.44,""fall_end"":11.56}]",True,True,2,HFD;X3D_UDA,HFD,TP,True,1,0,0,[11.8],TP,True,1,0,0,[11.48],FN,True,0,0,1,[],FN,True,,,,,TP,True,1,3,0,"[1.44, 6.72, 8.8, 12.2]"
le2i__Coffee_room_02_056,Le2i,le2i130,fall,"[{""fall_start"":12.04,""fall_end"":13.12}]",True,True,1,HFD,HFD,TP,True,1,0,0,[13.4],TP,True,1,0,0,[13.4],FN,True,0,0,1,[],TP,True,,,,,TP,True,1,5,0,"[0.4, 0.52, 4.28, 8.28, 12.36, 16.28]"
le2i__Coffee_room_02_057,Le2i,le2i130,fall,"[{""fall_start"":17.88,""fall_end"":19.68}]",True,True,2,HFD;X3D_UDA,HFD,TP,True,1,0,0,[18.84],TP,True,1,0,0,[18.2],FN,True,0,0,1,[],FN,True,,,,,TP,True,1,4,0,"[0.32, 4.28, 13.12, 16.28, 20.04]"
le2i__Coffee_room_02_058,Le2i,le2i130,fall,"[{""fall_start"":7.08,""fall_end"":8.44}]",True,True,1,HFD,HFD,TP,True,1,0,0,[8.28],TP,True,1,0,0,[7.96],FN,True,0,0,1,[],TP,True,,,,,TP,True,1,3,0,"[0.28, 4.2, 8.04, 12.04]"
le2i__Coffee_room_02_059,Le2i,le2i130,fall,"[{""fall_start"":5.36,""fall_end"":6.28}]",True,True,1,HFD,HFD,TP,True,1,0,0,[6.36],TP,True,1,0,0,[6.36],FN,True,0,0,1,[],TP,True,,,,,TP,True,1,3,0,"[0.28, 3.16, 4.04, 8.04]"
le2i__Coffee_room_02_060,Le2i,le2i130,fall,"[{""fall_start"":5.16,""fall_end"":6.28}]",True,True,1,HFD,HFD,TP,True,1,0,0,[6.36],TP,True,1,0,0,[6.36],FN,True,0,0,1,[],TP,True,,,,,TP,True,1,5,0,"[0.28, 1.56, 1.84, 5.68, 6.32, 8.28]"
le2i__Coffee_room_02_062,Le2i,le2i130,fall,"[{""fall_start"":7.0,""fall_end"":7.76}]",True,True,1,HFD,HFD,TP,True,1,0,0,[7.96],TP,True,1,1,0,"[7.0, 8.28]",FN,True,0,0,1,[],TP,True,,,,,TP,True,1,3,0,"[0.8, 4.24, 8.08, 8.24]"
le2i__Coffee_room_02_064,Le2i,le2i130,fall,"[{""fall_start"":5.48,""fall_end"":6.48}]",True,True,2,HFD;X3D_UDA,HFD,TP,True,1,0,0,[6.68],TP,True,1,0,0,[6.68],FN,True,0,0,1,[],FN,True,,,,,TP,True,1,4,0,"[0.0, 0.52, 1.4, 4.36, 8.28]"
le2i__Home_01_001,Le2i,le2i130,fall,"[{""fall_start"":5.999904,""fall_end"":6.8332239999999995}]",True,True,2,HFD;X3D_UDA,HFD,TP,True,1,0,0,[7.0],TP,True,1,0,0,[7.32],FN,True,0,0,1,[],FN,True,,,,,TP,True,1,2,0,"[0.333, 4.417, 8.625]"
le2i__Home_01_002,Le2i,le2i130,fall,"[{""fall_start"":4.9999199999999995,""fall_end"":5.708242}]",True,True,1,X3D_UDA,,TP,True,1,0,0,[6.04],TP,True,1,0,0,[6.04],TP,True,1,0,0,[5.958],FN,True,,,,,TP,True,1,3,0,"[0.375, 4.417, 5.542, 8.833]"
le2i__Home_01_003,Le2i,le2i130,fall,"[{""fall_start"":5.083252,""fall_end"":5.708242}]",True,True,1,X3D_UDA,,TP,True,1,0,0,[6.04],TP,True,1,0,0,[6.04],TP,True,1,0,0,[5.958],FN,True,,,,,TP,True,1,3,0,"[0.375, 4.417, 5.542, 8.833]"
le2i__Home_01_004,Le2i,le2i130,fall,"[{""fall_start"":6.208234,""fall_end"":6.8332239999999995}]",True,True,1,X3D_UDA,,TP,True,1,0,0,[7.32],TP,True,1,0,0,[7.0],TP,True,1,0,0,[7.292],FN,True,,,,,TP,True,1,5,0,"[0.458, 4.458, 4.542, 7.583, 7.75, 9.333]"
le2i__Home_01_006,Le2i,le2i130,fall,"[{""fall_start"":4.8332559999999996,""fall_end"":5.83324}]",True,True,2,HFD;X3D_UDA,HFD,TP,True,1,0,0,[6.04],TP,True,1,0,0,[6.36],FN,True,0,0,1,[],FN,True,,,,,TP,True,1,3,0,"[0.75, 4.708, 4.792, 5.167]"
le2i__Home_01_007,Le2i,le2i130,fall,"[{""fall_start"":5.791574,""fall_end"":6.416564}]",True,True,3,USDRL_NTU60;HFD;X3D_UDA,USDRL_NTU60;HFD,TP,True,1,0,0,[7.0],FN,True,0,0,1,[],FN,True,0,0,1,[],FN,True,,,,,TP,True,1,5,0,"[0.292, 4.375, 4.667, 6.042, 6.25, 8.667]"
le2i__Home_01_008,Le2i,le2i130,fall,"[{""fall_start"":5.20825,""fall_end"":5.791574}]",True,True,1,HFD,HFD,TP,True,1,0,0,[6.04],TP,True,1,0,0,[6.04],FN,True,0,0,1,[],TP,True,,,,,TP,True,1,2,0,"[2.75, 4.5, 8.625]"
le2i__Home_01_012,Le2i,le2i130,fall,"[{""fall_start"":6.708226,""fall_end"":7.208218}]",True,True,1,HFD,HFD,TP,True,1,0,0,[7.64],TP,True,1,0,0,[7.64],FN,True,0,0,1,[],TP,True,,,,,TP,True,1,6,0,"[3.917, 4.5, 7.0, 7.167, 7.667, 8.625, 8.917]"
le2i__Home_01_019,Le2i,le2i130,fall,"[{""fall_start"":5.3749139999999995,""fall_end"":5.791574}]",True,True,1,X3D_UDA,,TP,True,1,0,0,[6.68],TP,True,1,0,0,[6.36],TP,True,1,0,0,[5.958],FN,True,,,,,TP,True,1,6,0,"[0.417, 1.792, 3.833, 4.042, 4.5, 5.042, 5.292]"
le2i__Home_01_020,Le2i,le2i130,fall,"[{""fall_start"":6.124902,""fall_end"":6.583228}]",True,True,1,X3D_UDA,,TP,True,1,0,0,[7.64],TP,True,1,0,0,[7.0],TP,True,1,0,0,[5.958],FN,True,,,,,TP,True,1,5,0,"[0.333, 0.5, 1.917, 4.458, 6.458, 8.625]"
le2i__Home_01_021,Le2i,le2i130,fall,"[{""fall_start"":6.166568,""fall_end"":6.499896}]",True,True,1,X3D_UDA,,TP,True,1,0,0,[7.64],TP,True,1,0,0,[7.0],TP,True,1,0,0,[5.958],FN,True,,,,,TP,True,1,5,0,"[0.333, 0.5, 1.917, 4.458, 6.458, 8.625]"
le2i__Home_01_022,Le2i,le2i130,fall,"[{""fall_start"":6.2915659999999995,""fall_end"":6.66656}]",True,True,1,X3D_UDA,,TP,True,1,0,0,[7.32],TP,True,1,1,0,"[7.32, 7.96]",TP,True,1,0,0,[6.625],FN,True,,,,,TP,True,1,8,0,"[0.292, 0.5, 0.583, 0.958, 1.417, 1.625, 4.458, 6.792, 8.625]"
le2i__Home_01_023,Le2i,le2i130,fall,"[{""fall_start"":6.87489,""fall_end"":7.208218}]",True,True,2,USDRL_NTU60;X3D_UDA,USDRL_NTU60,TP,True,1,0,0,[8.28],FN,True,0,0,1,[],TP,True,1,0,0,[8.625],FN,True,,,,,TP,True,1,5,0,"[0.292, 4.458, 7.458, 7.625, 8.042, 8.125]"
le2i__Home_01_024,Le2i,le2i130,fall,"[{""fall_start"":5.458246,""fall_end"":5.9165719999999995}]",True,True,1,X3D_UDA,FLASH,TP,True,1,0,0,[6.68],TP,True,1,0,0,[6.36],TP,True,1,0,0,[6.625],FN,True,,,,,TP,True,0,2,1,"[0.333, 4.5]"
le2i__Home_01_025,Le2i,le2i130,fall,"[{""fall_start"":7.208218,""fall_end"":7.583212}]",True,True,1,X3D_UDA,,TP,True,1,0,0,[8.28],TP,True,1,0,0,[8.28],TP,True,1,1,0,"[1.958, 7.958]",FN,True,,,,,TP,True,1,4,0,"[0.292, 0.417, 0.5, 4.5, 7.292]"
le2i__Home_01_026,Le2i,le2i130,fall,"[{""fall_start"":5.41658,""fall_end"":5.874906}]",True,True,2,USDRL_NTU60;X3D_UDA,USDRL_NTU60,TP,True,1,0,0,[6.36],FN,True,0,0,1,[],TP,True,1,0,0,[5.958],FN,True,,,,,TP,True,1,2,0,"[0.333, 4.458, 8.625]"
le2i__Home_01_027,Le2i,le2i130,fall,"[{""fall_start"":6.999887999999999,""fall_end"":7.29155}]",True,True,2,USDRL_NTU60;X3D_UDA,USDRL_NTU60,TP,True,1,0,0,[7.96],FN,True,0,0,1,[],TP,True,1,0,0,[7.958],FN,True,,,,,TP,True,1,7,0,"[0.458, 0.667, 0.792, 1.792, 2.042, 2.25, 4.458, 8.625]"
le2i__Home_01_028,Le2i,le2i130,fall,"[{""fall_start"":7.041554,""fall_end"":7.49988}]",True,True,1,X3D_UDA,,TP,True,1,0,0,[7.96],TP,True,1,0,0,[8.28],TP,True,1,0,0,[7.958],FN,True,,,,,TP,True,1,3,0,"[0.292, 4.458, 7.5, 8.625]"
le2i__Home_01_030,Le2i,le2i130,fall,"[{""fall_start"":5.124918,""fall_end"":5.749908}]",True,True,2,HFD;X3D_UDA,HFD;FLASH,TP,True,1,0,0,[6.04],TP,True,1,0,0,[6.36],FN,True,0,0,1,[],FN,True,,,,,TP,True,0,2,1,"[0.292, 4.458]"
le2i__Home_02_031,Le2i,le2i130,fall,"[{""fall_start"":8.3332,""fall_end"":8.999856}]",True,True,3,USDRL_NTU60;HFD;X3D_UDA,USDRL_NTU60;HFD,TP,True,1,0,0,[9.56],FN,True,0,0,1,[],FN,True,0,0,1,[],FN,True,,,,,TP,True,1,6,0,"[0.333, 4.458, 7.833, 8.083, 8.417, 8.583, 8.792]"
le2i__Home_02_032,Le2i,le2i130,fall,"[{""fall_start"":3.624942,""fall_end"":4.124934}]",True,True,2,USDRL_NTU60;X3D_UDA,USDRL_NTU60,TP,True,1,0,0,[4.76],FN,True,0,0,1,[],TP,True,1,1,0,"[5.292, 6.625]",FN,True,,,,,TP,True,1,3,0,"[0.458, 0.667, 2.5, 4.417]"
le2i__Home_02_033,Le2i,le2i130,fall,"[{""fall_start"":5.291582,""fall_end"":5.83324}]",True,True,2,USDRL_NTU60;HFD,USDRL_NTU60;HFD,TP,True,1,0,0,[6.36],FN,True,0,0,1,[],FN,True,0,0,1,[],TP,True,,,,,TP,True,1,4,0,"[0.25, 3.583, 4.458, 6.042, 6.333]"
le2i__Home_02_034,Le2i,le2i130,fall,"[{""fall_start"":6.541562,""fall_end"":7.08322}]",True,True,1,HFD,HFD;FLASH,TP,True,1,0,0,[7.64],TP,True,1,0,0,[7.32],FN,True,0,0,1,[],TP,True,,,,,TP,True,0,2,1,"[0.333, 4.458]"
le2i__Home_02_035,Le2i,le2i130,fall,"[{""fall_start"":5.666576,""fall_end"":6.208234}]",True,True,2,USDRL_NTU60;HFD,USDRL_NTU60;HFD;FLASH,TP,True,1,0,0,[7.32],FN,True,0,0,1,[],FN,True,0,0,1,[],TP,True,,,,,TP,True,0,2,1,"[0.292, 4.458]"
le2i__Home_02_037,Le2i,le2i130,fall,"[{""fall_start"":5.3749139999999995,""fall_end"":5.999904}]",True,True,2,USDRL_NTU60;X3D_UDA,USDRL_NTU60,TP,True,1,0,0,[6.36],FN,True,0,0,1,[],TP,True,1,0,0,[7.958],FN,True,,,,,TP,True,1,2,0,"[0.333, 4.5, 8.625]"
