dataset,video,fall,own_processed,own_tp,own_fp,own_fn,own_video_prediction,own_alarms,safer_posec3d_processed,safer_posec3d_tp,safer_posec3d_fp,safer_posec3d_fn,safer_posec3d_video_prediction,safer_posec3d_alarms,ntu_posec3d_processed,ntu_posec3d_tp,ntu_posec3d_fp,ntu_posec3d_fn,ntu_posec3d_video_prediction,ntu_posec3d_alarms
Le2i-CS,le2i__Coffee_room_01_023,1,1,1,0,0,1,9.24,1,1,0,0,1,9.24,1,1,0,0,1,8.60
Le2i-CS,le2i__Coffee_room_01_024,1,1,1,0,0,1,9.24,1,1,0,0,1,9.24,1,1,0,0,1,8.60
Le2i-CS,le2i__Coffee_room_01_025,1,1,1,0,0,1,6.36,1,1,0,0,1,6.36,1,1,0,0,1,5.72
Le2i-CS,le2i__Coffee_room_01_026,1,1,1,0,0,1,9.24,1,1,0,0,1,8.92,1,1,0,0,1,8.60
Le2i-CS,le2i__Coffee_room_01_027,1,1,1,0,0,1,7.32,1,1,0,0,1,7.00,1,1,0,0,1,6.36
Le2i-CS,le2i__Coffee_room_01_028,1,1,1,0,0,1,3.48,1,1,0,0,1,3.48,1,1,0,0,1,2.84
Le2i-CS,le2i__Coffee_room_01_004,1,1,1,0,0,1,6.04,1,1,0,0,1,5.72,1,1,0,0,1,5.40
Le2i-CS,le2i__Coffee_room_01_005,1,1,1,0,0,1,6.36,1,1,0,0,1,6.36,1,1,0,0,1,5.72
Le2i-CS,le2i__Coffee_room_01_006,1,1,1,0,0,1,6.68,1,1,0,0,1,6.36,1,1,0,0,1,6.04
Le2i-CS,le2i__Coffee_room_01_007,1,1,1,0,0,1,5.08,1,1,0,0,1,5.08,1,1,0,0,1,4.76
Le2i-CS,le2i__Coffee_room_01_008,1,1,1,0,0,1,7.64,1,1,0,0,1,7.32,1,1,0,0,1,6.68
Le2i-CS,le2i__Coffee_room_02_054,1,0,0,0,1,0,,1,1,0,0,1,7.32,1,1,0,0,1,6.68
Le2i-CS,le2i__Coffee_room_02_057,1,1,1,0,0,1,18.84,1,1,0,0,1,18.84,1,1,0,0,1,19.48
Le2i-CS,le2i__Coffee_room_02_068,0,1,0,0,0,0,,1,0,0,0,0,,1,0,1,0,1,33.88
Le2i-CS,le2i__Home_01_011,1,0,0,0,1,0,,1,1,0,0,1,6.36,1,1,0,0,1,5.72
Le2i-CS,le2i__Home_01_014,1,0,0,0,1,0,,1,1,0,0,1,8.60,1,1,3,0,1,2.52;4.12;7.96;11.48
Le2i-CS,le2i__Home_01_015,1,0,0,0,1,0,,1,1,0,0,1,7.96,1,1,0,0,1,7.32
Le2i-CS,le2i__Home_01_018,1,0,0,0,1,0,,1,1,0,0,1,6.68,1,1,1,0,1,4.12;5.72
Le2i-CS,le2i__Home_02_040,0,1,0,0,0,0,,1,0,0,0,0,,1,0,0,0,0,
Le2i-CS,le2i__Home_02_057,0,1,0,0,0,0,,1,0,0,0,0,,1,0,0,0,0,
Le2i-CS,le2i__Home_02_058,0,1,0,0,0,0,,1,0,0,0,0,,1,0,0,0,0,
Le2i-CS,le2i__Home_02_059,0,1,0,1,0,1,7.64,1,0,0,0,0,,1,0,0,0,0,
Le2i-CS,le2i__Home_02_060,0,1,0,0,0,0,,1,0,0,0,0,,1,0,0,0,0,
Le2i-CS,le2i__Lecture_room_015,0,0,0,0,0,0,,1,0,0,0,0,,1,0,1,0,1,2.52
Le2i-CS,le2i__Lecture_room_016,0,1,0,0,0,0,,1,0,0,0,0,,1,0,1,0,1,31.00
Le2i-CS,le2i__Lecture_room_020,0,1,0,0,0,0,,1,0,0,0,0,,1,0,0,0,0,
Le2i-CS,le2i__Lecture_room_021,0,1,0,0,0,0,,1,0,2,0,1,29.72;41.24,1,0,2,0,1,39.96;43.48
Le2i-CS,le2i__Lecture_room_022,0,1,0,0,0,0,,1,0,1,0,1,38.68,1,0,3,0,1,2.52;23.32;37.72
Le2i-CS,le2i__Lecture_room_023,0,0,0,0,0,0,,1,0,1,0,1,22.68,1,0,3,0,1,2.52;18.20;24.60
Le2i-CS,le2i__Lecture_room_004,1,0,0,0,1,0,,1,1,0,0,1,11.80,1,1,1,0,1,2.52;11.48
Le2i-CS,le2i__Lecture_room_005,1,0,0,0,1,0,,1,1,0,0,1,11.48,1,1,1,0,1,2.52;11.80
Le2i-CS,le2i__Office_010,1,1,1,0,0,1,7.64,1,1,0,0,1,7.32,1,1,0,0,1,7.32
Le2i-CS,le2i__Office_011,1,1,1,0,0,1,5.08,1,1,0,0,1,4.44,1,0,0,1,0,
Le2i-CS,le2i__Office_012,1,1,1,0,0,1,9.24,1,1,0,0,1,8.60,1,1,0,0,1,8.28
Le2i-CS,le2i__Office_021,0,1,0,0,0,0,,1,0,0,0,0,,1,0,0,0,0,
Le2i-CS,le2i__Office_022,0,1,0,0,0,0,,1,0,0,0,0,,1,0,0,0,0,
Le2i-CS,le2i__Office_025,0,1,0,0,0,0,,1,0,0,0,0,,1,0,3,0,1,2.52;18.20;21.40
Le2i-CS,le2i__Office_031,0,1,0,0,0,0,,1,0,0,0,0,,1,0,0,0,0,
GMDCSA-CS,gmdcsa__Subject_4__Fall__01,1,1,1,0,0,1,2.84,1,1,0,0,1,2.84,1,1,0,0,1,2.52
GMDCSA-CS,gmdcsa__Subject_4__Fall__02,1,1,0,0,1,0,,1,0,0,1,0,,1,1,0,0,1,2.52
GMDCSA-CS,gmdcsa__Subject_4__Fall__03,1,1,0,0,1,0,,1,1,0,0,1,2.84,1,1,0,0,1,2.52
GMDCSA-CS,gmdcsa__Subject_4__Fall__04,1,0,0,0,1,0,,1,1,0,0,1,2.52,1,1,0,0,1,2.52
GMDCSA-CS,gmdcsa__Subject_4__Fall__05,1,1,1,0,0,1,4.12,1,0,0,1,0,,1,0,0,1,0,
GMDCSA-CS,gmdcsa__Subject_4__Fall__06,1,1,1,0,0,1,4.12,1,0,0,1,0,,1,1,0,0,1,3.16
GMDCSA-CS,gmdcsa__Subject_4__Fall__07,1,1,1,0,0,1,3.48,1,1,0,0,1,3.16,1,1,0,0,1,2.52
GMDCSA-CS,gmdcsa__Subject_4__Fall__08,1,1,0,0,1,0,,1,0,0,1,0,,1,0,0,1,0,
GMDCSA-CS,gmdcsa__Subject_4__Fall__09,1,1,0,0,1,0,,1,0,0,1,0,,1,0,0,1,0,
GMDCSA-CS,gmdcsa__Subject_4__Fall__10,1,1,1,0,0,1,3.48,1,1,0,0,1,3.48,1,1,0,0,1,2.84
GMDCSA-CS,gmdcsa__Subject_4__Fall__11,1,1,1,0,0,1,2.52,1,1,0,0,1,2.52,1,1,0,0,1,2.52
GMDCSA-CS,gmdcsa__Subject_4__Fall__12,1,1,1,0,0,1,2.84,1,1,0,0,1,2.84,1,1,0,0,1,2.52
GMDCSA-CS,gmdcsa__Subject_4__Fall__13,1,1,0,0,1,0,,1,0,0,1,0,,1,0,0,1,0,
GMDCSA-CS,gmdcsa__Subject_4__Fall__14,1,1,1,1,0,1,2.52;3.80,1,0,0,1,0,,1,1,0,0,1,2.52
GMDCSA-CS,gmdcsa__Subject_4__Fall__15,1,1,1,0,0,1,3.16,1,1,0,0,1,2.84,1,1,0,0,1,2.52
GMDCSA-CS,gmdcsa__Subject_4__Fall__16,1,1,1,0,0,1,4.76,1,1,0,0,1,4.44,1,1,0,0,1,3.80
GMDCSA-CS,gmdcsa__Subject_4__Fall__17,1,1,1,0,0,1,4.12,1,0,0,1,0,,1,0,0,1,0,
GMDCSA-CS,gmdcsa__Subject_4__ADL__01,0,1,0,0,0,0,,1,0,0,0,0,,1,0,0,0,0,
GMDCSA-CS,gmdcsa__Subject_4__ADL__02,0,1,0,0,0,0,,1,0,0,0,0,,1,0,0,0,0,
GMDCSA-CS,gmdcsa__Subject_4__ADL__03,0,1,0,0,0,0,,1,0,0,0,0,,1,0,0,0,0,
GMDCSA-CS,gmdcsa__Subject_4__ADL__04,0,1,0,0,0,0,,1,0,0,0,0,,1,0,0,0,0,
GMDCSA-CS,gmdcsa__Subject_4__ADL__05,0,1,0,0,0,0,,1,0,0,0,0,,1,0,1,0,1,2.52
GMDCSA-CS,gmdcsa__Subject_4__ADL__06,0,1,0,1,0,1,2.52,1,0,0,0,0,,1,0,1,0,1,2.52
GMDCSA-CS,gmdcsa__Subject_4__ADL__07,0,0,0,0,0,0,,1,0,1,0,1,3.80,1,0,1,0,1,2.52
GMDCSA-CS,gmdcsa__Subject_4__ADL__08,0,1,0,0,0,0,,1,0,0,0,0,,1,0,0,0,0,
GMDCSA-CS,gmdcsa__Subject_4__ADL__09,0,1,0,0,0,0,,1,0,0,0,0,,1,0,0,0,0,
GMDCSA-CS,gmdcsa__Subject_4__ADL__10,0,1,0,1,0,1,5.40,1,0,0,0,0,,1,0,0,0,0,
GMDCSA-CS,gmdcsa__Subject_4__ADL__11,0,1,0,0,0,0,,1,0,0,0,0,,1,0,0,0,0,
GMDCSA-CS,gmdcsa__Subject_4__ADL__12,0,1,0,0,0,0,,1,0,0,0,0,,1,0,0,0,0,
GMDCSA-CS,gmdcsa__Subject_4__ADL__13,0,1,0,0,0,0,,1,0,0,0,0,,1,0,0,0,0,
GMDCSA-CS,gmdcsa__Subject_4__ADL__14,0,1,0,0,0,0,,1,0,0,0,0,,1,0,0,0,0,
GMDCSA-CS,gmdcsa__Subject_4__ADL__15,0,1,0,0,0,0,,1,0,0,0,0,,1,0,0,0,0,
GMDCSA-CS,gmdcsa__Subject_4__ADL__16,0,1,0,0,0,0,,1,0,0,0,0,,1,0,1,0,1,6.04
GMDCSA-CS,gmdcsa__Subject_4__ADL__17,0,1,0,0,0,0,,1,0,0,0,0,,1,0,0,0,0,
GMDCSA-CS,gmdcsa__Subject_4__ADL__18,0,1,0,0,0,0,,1,0,0,0,0,,1,0,0,0,0,
GMDCSA-CS,gmdcsa__Subject_4__ADL__19,0,1,0,0,0,0,,1,0,0,0,0,,1,0,1,0,1,2.52
GMDCSA-CS,gmdcsa__Subject_4__ADL__20,0,1,0,0,0,0,,1,0,0,0,0,,1,0,1,0,1,14.36
CAUCA-CS,cauca__backwards__FallBackwardsS8,1,1,1,0,0,1,4.12,1,1,0,0,1,3.48,1,1,0,0,1,3.16
CAUCA-CS,cauca__adl__WalkS9,0,1,0,0,0,0,,1,0,0,0,0,,1,0,0,0,0,
CAUCA-CS,cauca__adl__SitDownS9,0,1,0,0,0,0,,1,0,0,0,0,,1,0,0,0,0,
CAUCA-CS,cauca__adl__PickupobjectS9,0,1,0,0,0,0,,1,0,0,0,0,,1,0,1,0,1,3.80
CAUCA-CS,cauca__adl__SitDownS8,0,1,0,0,0,0,,1,0,0,0,0,,1,0,0,0,0,
CAUCA-CS,cauca__adl__KneelS8,0,1,0,0,0,0,,1,0,0,0,0,,1,0,2,0,1,2.84;5.72
CAUCA-CS,cauca__adl__HopS9,0,1,0,0,0,0,,1,0,0,0,0,,1,0,0,0,0,
CAUCA-CS,cauca__adl__KneelS9,0,1,0,0,0,0,,1,0,1,0,1,3.80,1,0,1,0,1,3.80
CAUCA-CS,cauca__adl__HopS8,0,1,0,0,0,0,,1,0,0,0,0,,1,0,0,0,0,
CAUCA-CS,cauca__adl__PickupobjectS8,0,1,0,0,0,0,,1,0,0,0,0,,1,0,1,0,1,3.16
CAUCA-CS,cauca__adl__WalkS8,0,1,0,0,0,0,,1,0,0,0,0,,1,0,0,0,0,
CAUCA-CS,cauca__side__FallLeftS8,1,1,1,0,0,1,3.16,1,1,0,0,1,2.84,1,1,0,0,1,2.52
CAUCA-CS,cauca__side__FallRightS9,1,1,1,0,0,1,3.48,1,1,0,0,1,3.16,1,1,0,0,1,2.52
CAUCA-CS,cauca__side__FallSittingS9,1,1,1,0,0,1,5.72,1,0,0,1,0,,1,1,1,0,1,3.48;4.12
CAUCA-CS,cauca__side__FallLeftS9,1,0,0,0,1,0,,1,0,0,1,0,,1,1,0,0,1,2.52
CAUCA-CS,cauca__side__FallSittingS8,1,1,0,0,1,0,,1,1,0,0,1,4.12,1,1,0,0,1,4.12
CAUCA-CS,cauca__side__FallRightS8,1,1,1,0,0,1,3.48,1,1,0,0,1,3.16,1,1,0,0,1,2.52
CAUCA-CS,cauca__forward__FallForwardS8,1,1,1,0,0,1,2.52,1,1,0,0,1,2.52,1,1,0,0,1,2.84
CAUCA-CS,cauca__forward__FallForwardS9,1,1,1,0,0,1,3.16,1,1,0,0,1,2.84,1,1,0,0,1,2.52
