dataset,sample,old_segment_positive,new_event_detected,old_segment_quality_passed,new_video_quality_passed,outcome
gmdcsa37,Subject_4/Fall/01,0,1,True,True,detected_only_continuous
gmdcsa37,Subject_4/Fall/02,0,0,True,True,missed_in_both
gmdcsa37,Subject_4/Fall/03,0,0,True,True,missed_in_both
gmdcsa37,Subject_4/Fall/04,1,0,True,False,detected_only_segment
gmdcsa37,Subject_4/Fall/05,0,1,True,True,detected_only_continuous
gmdcsa37,Subject_4/Fall/06,0,1,True,True,detected_only_continuous
gmdcsa37,Subject_4/Fall/07,1,1,True,True,detected_in_both
gmdcsa37,Subject_4/Fall/08,0,0,True,True,missed_in_both
gmdcsa37,Subject_4/Fall/09,0,0,True,True,missed_in_both
gmdcsa37,Subject_4/Fall/10,0,1,True,True,detected_only_continuous
gmdcsa37,Subject_4/Fall/11,1,1,True,True,detected_in_both
gmdcsa37,Subject_4/Fall/12,1,1,True,True,detected_in_both
gmdcsa37,Subject_4/Fall/13,0,0,True,True,missed_in_both
gmdcsa37,Subject_4/Fall/14,1,1,True,True,detected_in_both
gmdcsa37,Subject_4/Fall/15,0,1,True,True,detected_only_continuous
gmdcsa37,Subject_4/Fall/16,0,1,True,True,detected_only_continuous
gmdcsa37,Subject_4/Fall/17,0,1,True,True,detected_only_continuous
cauca19,backwards/FallBackwardsS8,1,1,True,True,detected_in_both
cauca19,side/FallLeftS8,0,1,True,True,detected_only_continuous
cauca19,side/FallRightS9,0,1,False,True,detected_only_continuous
cauca19,side/FallSittingS9,0,1,False,True,detected_only_continuous
cauca19,side/FallLeftS9,0,0,False,False,missed_in_both
cauca19,side/FallSittingS8,1,0,True,True,detected_only_segment
cauca19,side/FallRightS8,1,1,True,True,detected_in_both
cauca19,forward/FallForwardS8,0,1,False,True,detected_only_continuous
cauca19,forward/FallForwardS9,0,1,False,True,detected_only_continuous
