view,event,gt_start,gt_end,detected,alarm_time,onset_offset
view1,1,31.628,34.51728,1,33.88,2.2520000000000024
view1,2,45.036,47.60988,1,47.0,1.9639999999999986
view1,3,59.925,62.77654,1,62.04,2.115000000000002
view1,4,78.61,82.59136,1,81.24,2.6299999999999955
view1,5,108.147,110.51728,1,110.36,2.212999999999994
view1,6,122.351,125.70247,1,124.76,2.409000000000006
view1,7,153.369,156.3321,1,155.8,2.4310000000000116
view1,8,166.777,169.66543,1,169.24,2.4630000000000223
view2,1,32.028,34.91728,0,,
view2,2,45.436,48.00988,0,,
view2,3,60.325,63.17654,0,,
view2,4,79.01,82.99136,0,,
view2,5,108.547,110.91728,0,,
view2,6,122.751,126.10247,0,,
view2,7,153.769,156.7321,1,155.16,1.3909999999999911
view2,8,167.177,170.06543,0,,
