dataset,sample_id,gt_fall,processed,windows,fall_windows,predicted_fall,event_tp,event_fp,event_fn,max_fall_probability,most_frequent_class,alarm_seconds,own_predicted_fall
le2i130,le2i__Coffee_room_01_001,1,1,12,5,1,1,0,0,0.8215526851651288,A043,[2.84],1
le2i130,le2i__Coffee_room_01_010,1,1,38,3,1,1,0,0,0.6300605924397303,A046,[9.56],1
le2i130,le2i__Coffee_room_01_011,1,1,53,4,1,1,0,0,0.6901252053346542,A046,[15.96],1
le2i130,le2i__Coffee_room_01_012,1,1,15,1,1,1,0,0,0.26204007598372187,A030,[3.8],1
le2i130,le2i__Coffee_room_01_013,1,0,0,0,0,0,0,1,0.0,,[],0
le2i130,le2i__Coffee_room_01_014,1,1,15,0,0,0,0,1,0.14748316137747094,A005,[],1
le2i130,le2i__Coffee_room_01_015,1,1,10,0,0,0,0,1,0.10036015332787818,A035,[],1
le2i130,le2i__Coffee_room_01_016,1,1,15,2,1,1,0,0,0.656511889680518,A029,[3.16],1
le2i130,le2i__Coffee_room_01_017,1,1,12,2,1,1,0,0,0.8266597798534047,A036,[2.52],1
le2i130,le2i__Coffee_room_01_018,1,1,26,4,1,1,0,0,0.6225200401834533,A046,[7.32],1
le2i130,le2i__Coffee_room_01_019,1,1,19,3,1,1,0,0,0.8653445738538178,A046,[5.08],1
le2i130,le2i__Coffee_room_01_002,1,1,31,2,1,1,0,0,0.7310583305707273,A046,[9.24],1
le2i130,le2i__Coffee_room_01_020,1,1,48,3,1,1,0,0,0.34236500062963987,A046,[14.36],1
le2i130,le2i__Coffee_room_01_021,1,1,15,2,1,1,0,0,0.5938753837202242,A009,[4.76],1
le2i130,le2i__Coffee_room_01_022,1,1,21,4,1,1,0,0,0.6372661260411426,A043,[5.72],1
le2i130,le2i__Coffee_room_01_023,1,1,31,5,1,1,0,0,0.9707066393902598,A046,[8.92],1
le2i130,le2i__Coffee_room_01_024,1,1,26,5,1,1,0,0,0.8087778642031708,A046,[8.92],1
le2i130,le2i__Coffee_room_01_025,1,1,25,4,1,1,0,0,0.656624785959339,A046,[6.04],1
le2i130,le2i__Coffee_room_01_026,1,1,27,2,1,1,0,0,0.467101597154439,A046,[9.24],1
le2i130,le2i__Coffee_room_01_027,1,1,24,6,1,1,1,0,0.6160849903949732,A009,"[2.84, 7.0]",1
le2i130,le2i__Coffee_room_01_028,1,1,14,3,1,1,0,0,0.8223224419822116,A008,[3.48],1
le2i130,le2i__Coffee_room_01_029,1,1,34,0,0,0,0,1,0.3215155526583864,A046,[],1
le2i130,le2i__Coffee_room_01_003,1,1,31,4,1,1,0,0,0.77071388483691,A046,[10.2],1
le2i130,le2i__Coffee_room_01_030,1,1,11,1,1,1,0,0,0.21620947733472273,A035,[4.76],1
le2i130,le2i__Coffee_room_01_031,1,1,26,4,1,1,0,0,0.35541640544662695,A046,[7.32],1
le2i130,le2i__Coffee_room_01_032,1,1,31,4,1,1,0,0,0.8285080320162137,A046,[9.24],1
le2i130,le2i__Coffee_room_01_033,1,1,21,4,1,1,0,0,0.746152290881122,A029,[4.44],1
le2i130,le2i__Coffee_room_01_034,1,1,44,3,1,1,0,0,0.6389336422779249,A046,[14.36],1
le2i130,le2i__Coffee_room_01_035,1,1,21,0,0,0,0,1,0.13441038078108783,A008,[],1
le2i130,le2i__Coffee_room_01_036,1,1,143,4,1,1,0,0,0.617412860499687,A046,[44.44],1
le2i130,le2i__Coffee_room_01_037,1,1,18,0,0,0,0,1,0.12939666814779022,A029,[],1
le2i130,le2i__Coffee_room_01_038,1,1,37,5,1,1,0,0,0.9598564451847,A046,[10.2],1
le2i130,le2i__Coffee_room_01_039,1,1,12,4,1,1,0,0,0.6786702774397879,A043,[2.84],1
le2i130,le2i__Coffee_room_01_004,1,1,18,2,1,1,0,0,0.6927150325984246,A059,[6.68],1
le2i130,le2i__Coffee_room_01_040,1,1,36,4,1,1,0,0,0.8736276017803194,A046,[11.16],1
le2i130,le2i__Coffee_room_01_041,1,1,40,5,1,1,0,0,0.747885654996377,A046,[11.48],1
le2i130,le2i__Coffee_room_01_042,1,1,12,4,1,1,0,0,0.7145391595429095,A043,[5.08],1
le2i130,le2i__Coffee_room_01_043,1,1,82,5,1,1,0,0,0.9214146061674547,A046,[25.88],1
le2i130,le2i__Coffee_room_01_044,1,1,9,3,1,1,1,0,0.516728924965825,A043,"[2.84, 3.8]",1
le2i130,le2i__Coffee_room_01_045,1,1,19,5,1,1,0,0,0.8066310330686345,A046,[4.76],1
le2i130,le2i__Coffee_room_01_046,1,1,29,5,1,1,0,0,0.9410118935511299,A046,[7.32],1
le2i130,le2i__Coffee_room_01_047,1,1,84,4,1,1,0,0,0.8682372083348456,A046,[25.88],1
le2i130,le2i__Coffee_room_01_048,1,1,90,6,1,1,0,0,0.8373335307236219,A046,[26.52],1
le2i130,le2i__Coffee_room_01_005,1,1,15,2,1,1,0,0,0.5453425317922386,A046,[6.68],1
le2i130,le2i__Coffee_room_01_006,1,1,22,1,1,1,0,0,0.32160408723338685,A046,[7.32],1
le2i130,le2i__Coffee_room_01_007,1,1,14,2,1,1,0,0,0.5753141507238344,A008,[5.72],1
le2i130,le2i__Coffee_room_01_008,1,1,25,3,1,1,0,0,0.7203229822446799,A046,[7.32],1
le2i130,le2i__Coffee_room_01_009,1,1,18,5,1,1,0,0,0.7675487301928947,A030,[4.44],1
le2i130,le2i__Coffee_room_02_049,1,1,54,6,1,1,0,0,0.9591343831148431,A046,[17.56],1
le2i130,le2i__Coffee_room_02_050,1,1,237,2,1,1,0,0,0.23861856417085167,A046,[73.88],1
le2i130,le2i__Coffee_room_02_051,1,1,18,2,1,1,0,0,0.31691260972940666,A046,[4.76],1
le2i130,le2i__Coffee_room_02_052,1,1,19,3,1,1,0,0,0.7471195094058483,A009,[4.76],1
le2i130,le2i__Coffee_room_02_053,1,1,40,4,1,1,0,0,0.6886874973134294,A046,[11.48],1
le2i130,le2i__Coffee_room_02_054,1,0,0,0,0,0,0,1,0.0,,[],0
le2i130,le2i__Coffee_room_02_055,1,1,33,3,1,1,0,0,0.4139747848680859,A009,[9.88],1
le2i130,le2i__Coffee_room_02_056,1,1,46,3,1,1,0,0,0.6079382134754561,A046,[13.4],1
le2i130,le2i__Coffee_room_02_057,1,1,63,6,1,1,0,0,0.9598012559506287,A046,[18.2],1
le2i130,le2i__Coffee_room_02_058,1,1,31,2,1,1,0,0,0.4486441474557644,A046,[7.96],1
le2i130,le2i__Coffee_room_02_059,1,1,24,3,1,1,0,0,0.6588415494136483,A046,[6.36],1
le2i130,le2i__Coffee_room_02_060,1,1,27,3,1,1,0,0,0.6896072502276873,A029,[6.36],1
le2i130,le2i__Coffee_room_02_061,0,1,157,3,1,0,1,0,0.7382357803171445,A046,[28.12],1
le2i130,le2i__Coffee_room_02_062,1,1,28,4,1,1,1,0,0.6167893069551322,A008,"[7.0, 8.28]",1
le2i130,le2i__Coffee_room_02_063,0,1,67,0,0,0,0,0,0.01448586258119679,A046,[],0
le2i130,le2i__Coffee_room_02_064,1,1,19,4,1,1,0,0,0.6487359747701399,A046,[6.68],1
le2i130,le2i__Coffee_room_02_065,0,1,81,0,0,0,0,0,0.023432548945911468,A046,[],0
le2i130,le2i__Coffee_room_02_066,0,1,30,0,0,0,0,0,0.003754796925582728,A046,[],0
le2i130,le2i__Coffee_room_02_067,0,1,36,0,0,0,0,0,0.1540932056914174,A046,[],0
le2i130,le2i__Coffee_room_02_068,0,1,193,0,0,0,0,0,0.07614180518700962,A046,[],0
le2i130,le2i__Coffee_room_02_069,0,1,153,0,0,0,0,0,0.01089765659163151,A046,[],0
le2i130,le2i__Coffee_room_02_070,0,1,97,0,0,0,0,0,0.12419931675326079,A046,[],0
le2i130,le2i__Home_01_001,1,1,27,2,1,1,0,0,0.5308189723294693,A046,[7.32],1
le2i130,le2i__Home_01_010,1,0,0,0,0,0,0,1,0.0,,[],0
le2i130,le2i__Home_01_011,1,0,0,0,0,0,0,1,0.0,,[],0
le2i130,le2i__Home_01_012,1,1,21,3,1,1,0,0,0.3370946958005585,A042,[7.64],1
le2i130,le2i__Home_01_013,1,1,24,4,1,1,0,0,0.6039149618064772,A046,[7.0],1
le2i130,le2i__Home_01_014,1,0,0,0,0,0,0,1,0.0,,[],0
le2i130,le2i__Home_01_015,1,0,0,0,0,0,0,1,0.0,,[],0
le2i130,le2i__Home_01_016,1,1,27,0,0,0,0,1,0.1324734057801393,A046,[],0
le2i130,le2i__Home_01_017,1,1,24,0,0,0,0,1,0.020900741128762994,A046,[],0
le2i130,le2i__Home_01_018,1,0,0,0,0,0,0,1,0.0,,[],0
le2i130,le2i__Home_01_019,1,1,18,3,1,1,0,0,0.7801771266195772,A046,[6.36],1
le2i130,le2i__Home_01_002,1,1,24,4,1,1,0,0,0.8428718373661579,A030,[6.04],1
le2i130,le2i__Home_01_020,1,1,21,1,1,1,0,0,0.40474000335873433,A046,[7.0],1
le2i130,le2i__Home_01_021,1,1,21,1,1,1,0,0,0.40474000335873433,A046,[7.0],1
le2i130,le2i__Home_01_022,1,1,24,2,1,1,1,0,0.39485057905858745,A046,"[7.32, 7.96]",1
le2i130,le2i__Home_01_023,1,1,24,0,0,0,0,1,0.1963023701489425,A046,[],1
le2i130,le2i__Home_01_024,1,1,18,3,1,1,0,0,0.7074043612989377,A046,[6.36],1
le2i130,le2i__Home_01_025,1,1,20,2,1,1,0,0,0.8282373545858465,A046,[8.28],1
le2i130,le2i__Home_01_026,1,1,21,0,0,0,0,1,0.3203716878498294,A008,[],1
le2i130,le2i__Home_01_027,1,1,24,0,0,0,0,1,0.29626635248683975,A046,[],1
le2i130,le2i__Home_01_028,1,1,21,3,1,1,0,0,0.7685466168946316,A046,[8.28],1
le2i130,le2i__Home_01_029,1,0,0,0,0,0,0,1,0.0,,[],0
le2i130,le2i__Home_01_003,1,1,24,4,1,1,0,0,0.8428718373661579,A030,[6.04],1
le2i130,le2i__Home_01_030,1,1,18,3,1,1,0,0,0.6494855525894904,A046,[6.36],1
le2i130,le2i__Home_01_004,1,1,24,5,1,1,0,0,0.8665221229777248,A046,[7.0],1
le2i130,le2i__Home_01_005,1,0,0,0,0,0,0,1,0.0,,[],0
le2i130,le2i__Home_01_006,1,1,18,1,1,1,0,0,0.48810021382358404,A009,[6.36],1
le2i130,le2i__Home_01_007,1,1,21,0,0,0,0,1,0.29873258982075673,A008,[],1
le2i130,le2i__Home_01_008,1,1,30,3,1,1,0,0,0.7911135568455164,A046,[6.04],1
le2i130,le2i__Home_01_009,1,0,0,0,0,0,0,1,0.0,,[],0
le2i130,le2i__Home_02_031,1,1,33,0,0,0,0,1,0.13850160328577701,A046,[],1
le2i130,le2i__Home_02_032,1,1,18,0,0,0,0,1,0.33235881839955306,A046,[],1
le2i130,le2i__Home_02_033,1,1,18,0,0,0,0,1,0.346859898389565,A046,[],1
le2i130,le2i__Home_02_034,1,1,24,2,1,1,0,0,0.8096793038189534,A046,[7.32],1
le2i130,le2i__Home_02_035,1,1,21,0,0,0,0,1,0.046512909711033126,A008,[],1
le2i130,le2i__Home_02_036,1,0,0,0,0,0,0,1,0.0,,[],0
le2i130,le2i__Home_02_037,1,1,24,0,0,0,0,1,0.10026362738183946,A008,[],1
le2i130,le2i__Home_02_038,0,1,18,0,0,0,0,0,0.003737966715685744,A046,[],0
le2i130,le2i__Home_02_039,0,1,18,0,0,0,0,0,0.003730424427470181,A046,[],0
le2i130,le2i__Home_02_040,0,1,24,0,0,0,0,0,0.022648774211805795,A046,[],0
le2i130,le2i__Home_02_041,0,1,24,0,0,0,0,0,0.01574713354185932,A008,[],0
le2i130,le2i__Home_02_042,0,1,14,0,0,0,0,0,0.005272886984859962,A046,[],0
le2i130,le2i__Home_02_043,0,1,14,0,0,0,0,0,0.0034623862100508977,A046,[],0
le2i130,le2i__Home_02_044,0,1,34,0,0,0,0,0,0.004963486123639875,A046,[],0
le2i130,le2i__Home_02_045,0,1,21,0,0,0,0,0,0.006587442346439504,A046,[],0
le2i130,le2i__Home_02_046,0,1,27,0,0,0,0,0,0.011487735808276058,A046,[],0
le2i130,le2i__Home_02_047,0,1,30,0,0,0,0,0,0.006878007299709182,A046,[],0
le2i130,le2i__Home_02_048,0,1,24,0,0,0,0,0,0.006125564709257156,A046,[],0
le2i130,le2i__Home_02_049,0,1,33,0,0,0,0,0,0.007902309159949874,A046,[],0
le2i130,le2i__Home_02_050,0,1,33,0,0,0,0,0,0.007902309159949874,A046,[],0
le2i130,le2i__Home_02_051,0,1,27,0,0,0,0,0,0.006857671591566972,A046,[],0
le2i130,le2i__Home_02_052,0,1,21,0,0,0,0,0,0.10553919864733545,A008,[],1
le2i130,le2i__Home_02_053,0,1,21,0,0,0,0,0,0.048170228628428485,A008,[],1
le2i130,le2i__Home_02_054,0,1,21,0,0,0,0,0,0.028140917043421955,A008,[],0
le2i130,le2i__Home_02_055,0,1,21,0,0,0,0,0,0.03447591235348525,A008,[],0
le2i130,le2i__Home_02_056,0,1,39,0,0,0,0,0,0.008747623328946377,A046,[],0
le2i130,le2i__Home_02_057,0,1,24,0,0,0,0,0,0.06620740926232085,A008,[],0
le2i130,le2i__Home_02_058,0,1,36,0,0,0,0,0,0.017775006272105195,A046,[],0
le2i130,le2i__Home_02_059,0,1,21,0,0,0,0,0,0.027887937180487214,A009,[],1
le2i130,le2i__Home_02_060,0,1,33,0,0,0,0,0,0.005442752763644049,A046,[],0
cauca100,cauca__adl__HopS1,0,1,21,0,0,0,0,0,0.0029418137246281627,A026,[],0
cauca100,cauca__adl__HopS10,0,1,31,0,0,0,0,0,0.005604638706125897,A046,[],0
cauca100,cauca__adl__HopS2,0,1,19,0,0,0,0,0,0.0032300212958099356,A017,[],0
cauca100,cauca__adl__HopS3,0,1,18,0,0,0,0,0,0.0032346540004844476,A046,[],0
cauca100,cauca__adl__HopS4,0,1,15,0,0,0,0,0,0.008865332835645959,A026,[],0
cauca100,cauca__adl__HopS5,0,1,12,0,0,0,0,0,0.004886371703438085,A026,[],0
cauca100,cauca__adl__HopS6,0,1,18,0,0,0,0,0,0.005271945804988489,A005,[],0
cauca100,cauca__adl__HopS7,0,1,24,0,0,0,0,0,0.0013476620446481518,A026,[],0
cauca100,cauca__adl__HopS8,0,1,19,0,0,0,0,0,0.03863178708024318,A017,[],0
cauca100,cauca__adl__HopS9,0,1,26,0,0,0,0,0,0.0023515762424661285,A046,[],0
cauca100,cauca__adl__KneelS1,0,1,27,0,0,0,0,0,0.003255723566177428,A046,[],0
cauca100,cauca__adl__KneelS10,0,1,33,0,0,0,0,0,0.016925935143282868,A008,[],0
cauca100,cauca__adl__KneelS2,0,1,13,0,0,0,0,0,0.017669004457693503,A046,[],0
cauca100,cauca__adl__KneelS3,0,1,26,0,0,0,0,0,0.004459637941060007,A008,[],0
cauca100,cauca__adl__KneelS4,0,1,27,0,0,0,0,0,0.08298964942955171,A046,[],0
cauca100,cauca__adl__KneelS5,0,1,25,0,0,0,0,0,0.02749016271052746,A046,[],0
cauca100,cauca__adl__KneelS6,0,1,22,0,0,0,0,0,0.05462644656913959,A005,[],0
cauca100,cauca__adl__KneelS7,0,0,0,0,0,0,0,0,0.0,,[],0
cauca100,cauca__adl__KneelS8,0,1,33,0,0,0,0,0,0.03957196843106584,A008,[],0
cauca100,cauca__adl__KneelS9,0,1,26,0,0,0,0,0,0.01173248974820604,A046,[],0
cauca100,cauca__adl__PickupobjectS1,0,1,11,0,0,0,0,0,0.022618013232051617,A008,[],0
cauca100,cauca__adl__PickupobjectS10,0,1,38,0,0,0,0,0,0.007962566333629104,A008,[],0
cauca100,cauca__adl__PickupobjectS2,0,1,19,0,0,0,0,0,0.02750003602729181,A046,[],0
cauca100,cauca__adl__PickupobjectS3,0,0,0,0,0,0,0,0,0.0,,[],0
cauca100,cauca__adl__PickupobjectS4,0,1,21,0,0,0,0,0,0.004589599136679992,A046,[],0
cauca100,cauca__adl__PickupobjectS5,0,1,35,0,0,0,0,0,0.010622197294984217,A008,[],0
cauca100,cauca__adl__PickupobjectS6,0,1,24,0,0,0,0,0,0.01338938246426174,A008,[],0
cauca100,cauca__adl__PickupobjectS7,0,1,17,0,0,0,0,0,0.012049305195688139,A008,[],0
cauca100,cauca__adl__PickupobjectS8,0,1,34,0,0,0,0,0,0.014147529453507297,A046,[],0
cauca100,cauca__adl__PickupobjectS9,0,1,27,0,0,0,0,0,0.008022144330987434,A046,[],0
cauca100,cauca__adl__SitDownS1,0,1,22,0,0,0,0,0,0.007121589251148466,A008,[],0
cauca100,cauca__adl__SitDownS10,0,1,29,1,1,0,1,0,0.5077734304366346,A011,[10.52],1
cauca100,cauca__adl__SitDownS2,0,1,10,0,0,0,0,0,0.014489961697715301,A008,[],0
cauca100,cauca__adl__SitDownS3,0,1,33,0,0,0,0,0,0.01426494560086251,A046,[],0
cauca100,cauca__adl__SitDownS4,0,1,24,0,0,0,0,0,0.009598934685807317,A046,[],0
cauca100,cauca__adl__SitDownS5,0,1,33,0,0,0,0,0,0.02030436969774356,A046,[],0
cauca100,cauca__adl__SitDownS6,0,1,22,0,0,0,0,0,0.03024947216352908,A008,[],0
cauca100,cauca__adl__SitDownS7,0,1,23,0,0,0,0,0,0.031798023636342106,A017,[],0
cauca100,cauca__adl__SitDownS8,0,1,26,0,0,0,0,0,0.026760410645500436,A046,[],0
cauca100,cauca__adl__SitDownS9,0,1,30,0,0,0,0,0,0.0617441452582479,A046,[],0
cauca100,cauca__adl__WalkS1,0,1,30,1,1,0,1,0,0.32505287467240956,A046,[9.24],0
cauca100,cauca__adl__WalkS10,0,1,28,0,0,0,0,0,0.007448155656942763,A046,[],0
cauca100,cauca__adl__WalkS2,0,1,31,0,0,0,0,0,0.003806304490712127,A046,[],0
cauca100,cauca__adl__WalkS3,0,1,20,0,0,0,0,0,0.009045112715421438,A046,[],0
cauca100,cauca__adl__WalkS4,0,1,30,0,0,0,0,0,0.018350577304953104,A046,[],0
cauca100,cauca__adl__WalkS5,0,1,28,0,0,0,0,0,0.006923458966879159,A046,[],0
cauca100,cauca__adl__WalkS6,0,1,34,0,0,0,0,0,0.00863638862681514,A046,[],0
cauca100,cauca__adl__WalkS7,0,1,23,0,0,0,0,0,0.013981203512395202,A046,[],0
cauca100,cauca__adl__WalkS8,0,1,26,0,0,0,0,0,0.012470519360890631,A046,[],0
cauca100,cauca__adl__WalkS9,0,1,29,0,0,0,0,0,0.0033777233883556935,A046,[],0
cauca100,cauca__backwards__FallBackwardsS1,1,1,12,2,1,1,0,0,0.6476073963627776,A008,[3.48],1
cauca100,cauca__backwards__FallBackwardsS10,1,1,35,1,1,1,0,0,0.4895307822586939,A046,[3.8],1
cauca100,cauca__backwards__FallBackwardsS2,1,1,11,3,1,1,1,0,0.44688691977197476,A046,"[3.48, 4.44]",1
cauca100,cauca__backwards__FallBackwardsS3,1,1,19,5,1,1,0,0,0.8985863902032828,A005,[3.48],1
cauca100,cauca__backwards__FallBackwardsS4,1,1,23,0,0,0,0,1,0.28125703820925074,A006,[],1
cauca100,cauca__backwards__FallBackwardsS5,1,1,26,0,0,0,0,1,0.08135547811989799,A008,[],1
cauca100,cauca__backwards__FallBackwardsS6,1,1,29,0,0,0,0,1,0.06327519062578754,A046,[],1
cauca100,cauca__backwards__FallBackwardsS7,1,1,32,0,0,0,0,1,0.10223285181615052,A008,[],1
cauca100,cauca__backwards__FallBackwardsS8,1,1,26,4,1,1,0,0,0.6769530319550783,A046,[3.16],1
cauca100,cauca__backwards__FallBackwardsS9,1,1,32,2,1,1,0,0,0.6754581591216843,A046,[2.84],1
cauca100,cauca__forward__FallForwardS1,1,1,22,3,1,1,0,0,0.7354909952217651,A046,[7.0],1
cauca100,cauca__forward__FallForwardS10,1,1,31,0,0,0,0,1,0.18983261196046827,A046,[],1
cauca100,cauca__forward__FallForwardS2,1,1,9,0,0,0,0,1,0.1442292976445636,A008,[],1
cauca100,cauca__forward__FallForwardS3,1,1,17,0,0,0,0,1,0.08867854873678595,A008,[],1
cauca100,cauca__forward__FallForwardS4,1,1,19,0,0,0,0,1,0.018247211265177126,A047,[],0
cauca100,cauca__forward__FallForwardS5,1,1,24,2,1,1,0,0,0.5808002391328873,A005,[2.84],1
cauca100,cauca__forward__FallForwardS6,1,1,24,0,0,0,0,1,0.2039794049160544,A044,[],1
cauca100,cauca__forward__FallForwardS7,1,0,0,0,0,0,0,1,0.0,,[],0
cauca100,cauca__forward__FallForwardS8,1,1,12,0,0,0,0,1,0.12022995862916927,A022,[],1
cauca100,cauca__forward__FallForwardS9,1,1,16,0,0,0,0,1,0.1324463345110449,A008,[],1
cauca100,cauca__side__FallLeftS1,1,1,6,0,0,0,0,1,0.23855564023697218,A008,[],1
cauca100,cauca__side__FallLeftS10,1,1,26,0,0,0,0,1,0.2529133718548793,A046,[],1
cauca100,cauca__side__FallLeftS2,1,1,10,3,1,1,1,0,0.6390070162762512,A032,"[2.52, 3.16]",1
cauca100,cauca__side__FallLeftS3,1,0,0,0,0,0,0,1,0.0,,[],0
cauca100,cauca__side__FallLeftS4,1,1,18,0,0,0,0,1,0.19765910876087472,A047,[],1
cauca100,cauca__side__FallLeftS5,1,0,0,0,0,0,0,1,0.0,,[],0
cauca100,cauca__side__FallLeftS6,1,1,28,0,0,0,0,1,0.21082121791745953,A044,[],0
cauca100,cauca__side__FallLeftS7,1,1,26,4,1,1,0,0,0.6578062696104191,A008,[3.16],1
cauca100,cauca__side__FallLeftS8,1,1,24,0,0,0,0,1,0.34761727536010173,A008,[],1
cauca100,cauca__side__FallLeftS9,1,0,0,0,0,0,0,1,0.0,,[],0
cauca100,cauca__side__FallRightS1,1,1,10,4,1,1,0,0,0.7112088755294804,A043,[2.84],1
cauca100,cauca__side__FallRightS10,1,1,24,0,0,0,0,1,0.35346550882752603,A046,[],1
cauca100,cauca__side__FallRightS2,1,1,15,3,1,1,0,0,0.5211005595860144,A032,[2.84],1
cauca100,cauca__side__FallRightS3,1,1,27,3,1,1,0,0,0.5115742931651727,A046,[3.48],1
cauca100,cauca__side__FallRightS4,1,1,16,3,1,1,0,0,0.6185972987197786,A046,[3.16],1
cauca100,cauca__side__FallRightS5,1,1,27,0,0,0,0,1,0.22120958948800715,A046,[],0
cauca100,cauca__side__FallRightS6,1,1,28,0,0,0,0,1,0.17855780444105981,A046,[],1
cauca100,cauca__side__FallRightS7,1,1,19,5,1,1,0,0,0.8430559208122703,A046,[2.52],1
cauca100,cauca__side__FallRightS8,1,1,28,4,1,1,0,0,0.8938328123626935,A046,[3.48],1
cauca100,cauca__side__FallRightS9,1,1,22,1,1,1,0,0,0.5883487818891872,A008,[3.16],1
cauca100,cauca__side__FallSittingS1,1,1,21,0,0,0,0,1,0.14064229355598665,A009,[],1
cauca100,cauca__side__FallSittingS10,1,1,38,1,1,1,0,0,0.2909683805300873,A046,[4.12],1
cauca100,cauca__side__FallSittingS2,1,1,17,0,0,0,0,1,0.1984855686453619,A008,[],1
cauca100,cauca__side__FallSittingS3,1,0,0,0,0,0,0,1,0.0,,[],0
cauca100,cauca__side__FallSittingS4,1,1,24,2,1,1,0,0,0.4051868912281688,A046,[4.12],1
cauca100,cauca__side__FallSittingS5,1,1,28,0,0,0,0,1,0.06376487115212162,A008,[],0
cauca100,cauca__side__FallSittingS6,1,1,31,0,0,0,0,1,0.010993620644118414,A011,[],0
cauca100,cauca__side__FallSittingS7,1,1,25,2,1,1,0,0,0.2441663643475344,A046,[3.16],1
cauca100,cauca__side__FallSittingS8,1,1,29,0,0,0,0,1,0.012603477065269698,A046,[],0
cauca100,cauca__side__FallSittingS9,1,1,26,0,0,0,0,1,0.020695298777872146,A044,[],1
