video,added_video,source_start_frame,source_end_frame,source_fps,own_processed,own_tp,own_fp,own_fn,own_alarms,stgcnpp_processed,stgcnpp_tp,stgcnpp_fp,stgcnpp_fn,stgcnpp_alarms,msg3d_processed,msg3d_tp,msg3d_fp,msg3d_fn,msg3d_alarms,cnn1d_processed,cnn1d_tp,cnn1d_fp,cnn1d_fn,cnn1d_alarms
Coffee_room_01/video_1,False,48,80,25.0,True,1,0,0,2.84,True,1,0,0,2.84,True,1,0,0,2.84,True,1,0,0,2.84
Coffee_room_01/video_10,False,211,238,25.0,True,1,0,0,9.56,True,1,0,0,9.24,True,1,0,0,9.24,True,1,0,0,9.24
Coffee_room_01/video_11,False,375,404,25.0,True,1,0,0,16.28,True,1,0,0,15.96,True,1,0,0,15.64,True,1,0,0,15.96
Coffee_room_01/video_12,False,53,75,25.0,True,1,0,0,3.48,True,1,0,0,3.16,True,1,0,0,3.16,True,1,0,0,3.8
Coffee_room_01/video_13,False,96,115,25.0,False,0,0,1,,True,1,0,0,4.76,True,1,0,0,4.44,True,1,0,0,4.44
Coffee_room_01/video_14,False,52,76,25.0,True,1,0,0,3.16,True,1,0,0,3.16,True,1,0,0,2.84,True,1,0,0,2.84
Coffee_room_01/video_15,False,48,73,25.0,True,1,0,0,2.84,True,1,0,0,2.84,True,1,0,0,2.84,True,1,0,0,2.84
Coffee_room_01/video_16,False,46,65,25.0,True,1,0,0,2.84,True,1,0,0,2.84,True,1,0,0,2.52,True,1,0,0,2.84
Coffee_room_01/video_17,False,20,57,25.0,True,1,0,0,2.52,True,1,0,0,2.52,True,1,0,0,2.52,True,0,0,1,
Coffee_room_01/video_18,False,154,184,25.0,True,1,0,0,7.32,True,1,0,0,7.32,True,1,0,0,7.32,True,1,0,0,7.32
Coffee_room_01/video_19,False,89,129,25.0,True,1,0,0,4.76,True,1,0,0,4.76,True,1,0,0,4.76,True,1,0,0,4.76
Coffee_room_01/video_2,False,192,219,25.0,True,1,0,0,8.92,True,1,0,0,8.6,True,1,0,0,8.28,True,1,0,0,8.6
Coffee_room_01/video_20,False,330,375,25.0,True,1,0,0,14.36,True,1,0,0,14.04,True,1,0,0,14.04,True,1,0,0,14.04
Coffee_room_01/video_21,False,85,101,25.0,True,1,0,0,4.44,True,1,0,0,4.44,True,1,0,0,4.44,True,1,0,0,4.44
Coffee_room_01/video_22,False,125,140,25.0,True,1,0,0,6.04,True,1,0,0,6.04,True,1,0,0,6.04,True,1,0,0,5.72
Coffee_room_01/video_23,False,209,244,25.0,True,1,0,0,9.24,True,1,0,0,8.92,True,1,0,0,9.24,True,1,0,0,8.92
Coffee_room_01/video_24,False,209,235,25.0,True,1,0,0,9.24,True,1,0,0,9.24,True,1,0,0,9.24,True,1,0,0,9.24
Coffee_room_01/video_25,False,137,179,25.0,True,1,0,0,6.36,True,1,0,0,6.36,True,1,0,0,6.36,True,1,0,0,6.04
Coffee_room_01/video_26,True,197,227,25.0,True,1,0,0,9.24,True,1,0,0,8.92,True,1,0,0,8.6,True,1,0,0,8.92
Coffee_room_01/video_27,False,163,196,25.0,True,1,0,0,7.32,True,1,0,0,7.32,True,1,0,0,7.32,True,1,0,0,7.32
Coffee_room_01/video_28,False,59,90,25.0,True,1,0,0,3.48,True,1,0,0,3.16,True,1,0,0,3.48,True,1,0,0,3.48
Coffee_room_01/video_29,False,297,328,25.0,True,1,0,0,13.08,True,1,0,0,12.76,True,1,0,0,12.76,True,1,0,0,12.76
Coffee_room_01/video_3,False,223,261,25.0,True,1,0,0,10.2,True,1,0,0,9.88,True,1,0,0,9.88,True,1,0,0,9.88
Coffee_room_01/video_30,False,80,104,25.0,True,1,0,0,4.12,True,1,0,0,4.12,True,1,0,0,3.8,True,1,0,0,3.8
Coffee_room_01/video_31,False,158,176,25.0,True,1,0,0,7.64,True,1,0,0,7.0,True,1,0,0,7.0,True,1,0,0,7.32
Coffee_room_01/video_32,False,206,229,25.0,True,1,0,0,9.24,True,1,0,0,9.24,True,1,0,0,9.24,True,1,0,0,9.24
Coffee_room_01/video_33,False,87,116,25.0,True,1,0,0,4.44,True,1,0,0,4.44,True,1,0,0,4.44,True,1,0,0,4.44
Coffee_room_01/video_34,False,331,357,25.0,True,1,0,0,14.36,True,1,0,0,14.04,True,1,0,0,14.04,True,1,0,0,14.04
Coffee_room_01/video_35,False,74,106,25.0,True,1,0,0,3.8,True,1,0,0,3.48,True,1,0,0,3.8,True,1,0,0,3.8
Coffee_room_01/video_36,False,1088,1116,25.0,True,1,0,0,44.76,True,1,0,0,44.44,True,1,0,0,44.76,True,1,0,0,44.44
Coffee_room_01/video_37,False,57,82,25.0,True,1,0,0,3.48,True,1,0,0,3.16,True,1,0,0,3.16,True,1,0,0,3.16
Coffee_room_01/video_38,False,237,260,25.0,True,1,0,0,10.84,True,1,0,0,10.52,True,1,0,0,10.2,True,1,0,0,10.52
Coffee_room_01/video_39,False,49,75,25.0,True,1,0,0,2.84,True,1,0,0,2.84,True,1,0,0,2.84,True,1,0,0,2.84
Coffee_room_01/video_4,False,123,155,25.0,True,1,0,0,6.04,True,1,0,0,6.04,True,1,0,0,5.72,True,1,0,0,5.72
Coffee_room_01/video_40,False,259,292,25.0,True,1,0,0,11.48,True,1,0,0,11.48,True,1,0,0,11.48,True,1,0,0,11.16
Coffee_room_01/video_41,False,267,292,25.0,True,1,0,0,11.8,True,1,0,0,11.48,True,1,0,0,11.48,True,1,0,0,11.8
Coffee_room_01/video_42,False,111,131,25.0,True,1,0,0,5.4,True,1,0,0,5.4,True,1,0,0,5.4,True,1,0,0,5.4
Coffee_room_01/video_43,False,632,662,25.0,True,1,0,0,26.2,True,1,0,0,26.2,True,1,0,0,26.2,True,1,0,0,26.2
Coffee_room_01/video_44,False,54,86,25.0,True,1,0,0,3.16,True,1,0,0,2.84,True,1,0,0,2.84,True,1,0,0,2.84
Coffee_room_01/video_45,False,100,129,25.0,True,1,0,0,5.08,True,1,0,0,5.08,True,1,0,0,5.08,True,1,0,0,5.08
Coffee_room_01/video_46,False,165,187,25.0,True,1,0,0,7.64,True,1,0,0,7.64,True,1,0,0,7.32,True,1,0,0,7.64
Coffee_room_01/video_47,False,625,658,25.0,True,1,0,0,25.88,True,1,0,0,25.88,True,1,0,0,25.56,True,1,0,0,25.88
Coffee_room_01/video_48,False,654,686,25.0,True,1,0,0,27.16,True,1,0,0,27.16,True,1,0,0,26.84,True,1,0,0,27.16
Coffee_room_01/video_5,False,129,161,25.0,True,1,0,0,6.36,True,1,0,0,6.04,True,1,0,0,6.04,True,1,0,0,6.36
Coffee_room_01/video_6,False,136,165,25.0,True,1,0,0,6.68,True,1,0,0,6.36,True,1,0,0,6.68,True,1,0,0,6.68
Coffee_room_01/video_7,False,96,126,25.0,True,1,0,0,5.08,True,1,0,0,4.76,True,1,0,0,4.76,True,1,0,0,4.76
Coffee_room_01/video_8,False,157,182,25.0,True,1,0,0,7.64,True,1,0,0,7.32,True,1,0,0,7.32,True,1,0,0,7.32
Coffee_room_01/video_9,False,93,125,25.0,True,1,0,0,4.76,True,1,0,0,4.44,True,1,0,0,4.44,True,1,0,0,4.44
Coffee_room_02/video_49,False,427,454,25.0,True,1,0,0,18.2,True,1,0,0,17.88,True,1,0,0,17.88,True,1,0,0,17.88
Coffee_room_02/video_50,True,1816,1852,25.0,True,1,0,0,73.56,True,1,1,0,71.96;73.56,True,1,1,0,71.64;73.56,True,1,0,0,73.24
Coffee_room_02/video_51,False,76,117,25.0,True,1,0,0,4.44,True,1,0,0,3.8,True,1,0,0,4.12,True,1,0,0,3.8
Coffee_room_02/video_52,True,87,113,25.0,True,1,0,0,4.44,True,1,0,0,4.44,True,1,0,0,4.44,True,1,0,0,4.44
Coffee_room_02/video_53,False,261,289,25.0,True,1,0,0,11.8,True,1,0,0,11.48,True,1,0,0,11.48,True,1,0,0,11.48
Coffee_room_02/video_54,False,157,179,25.0,False,0,0,1,,True,1,0,0,7.32,True,1,0,0,7.32,True,1,0,0,7.32
Coffee_room_02/video_55,False,217,244,25.0,True,1,0,0,9.88,True,1,0,0,9.56,True,1,0,0,9.56,True,1,0,0,9.56
Coffee_room_02/video_56,False,301,328,25.0,True,1,0,0,13.4,True,1,0,0,13.08,True,1,0,0,13.08,True,1,0,0,13.08
Coffee_room_02/video_57,False,447,492,25.0,True,1,0,0,18.84,True,1,0,0,18.52,True,1,0,0,18.52,True,1,0,0,18.84
Coffee_room_02/video_58,False,177,211,25.0,True,1,0,0,8.28,True,1,0,0,8.28,True,1,0,0,7.96,True,1,0,0,7.96
Coffee_room_02/video_59,False,134,157,25.0,True,1,0,0,6.36,True,1,0,0,6.36,True,1,0,0,6.36,True,1,0,0,6.36
Coffee_room_02/video_60,False,129,157,25.0,True,1,0,0,6.36,True,1,0,0,6.36,True,1,0,0,6.36,True,1,0,0,6.04
Coffee_room_02/video_61,False,0,0,25.0,True,0,1,0,40.6,True,0,0,0,,True,0,0,0,,True,0,0,0,
Coffee_room_02/video_62,False,175,194,25.0,True,1,0,0,7.96,True,1,0,0,7.96,True,1,0,0,7.96,True,1,0,0,8.28
Coffee_room_02/video_63,False,0,0,25.0,True,0,0,0,,True,0,0,0,,True,0,0,0,,True,0,0,0,
Coffee_room_02/video_64,False,137,162,25.0,True,1,0,0,6.68,True,1,0,0,6.36,True,1,0,0,6.36,True,1,0,0,6.36
Coffee_room_02/video_65,False,0,0,25.0,True,0,0,0,,True,0,0,0,,True,0,0,0,,True,0,0,0,
Coffee_room_02/video_66,False,0,0,25.0,True,0,0,0,,True,0,0,0,,True,0,1,0,4.12,True,0,0,0,
Coffee_room_02/video_67,False,0,0,25.0,True,0,0,0,,True,0,0,0,,True,0,0,0,,True,0,1,0,13.72
Coffee_room_02/video_68,False,0,0,25.0,True,0,0,0,,True,0,0,0,,True,0,0,0,,True,0,1,0,4.76
Coffee_room_02/video_69,False,0,0,25.0,True,0,0,0,,True,0,0,0,,True,0,0,0,,True,0,0,0,
Coffee_room_02/video_70,False,0,0,25.0,True,0,0,0,,True,0,0,0,,True,0,1,0,8.92,True,0,1,0,9.24
Home_01/video_1,False,144,164,24.0003840061441,True,1,0,0,7.0,True,1,0,0,7.0,True,1,0,0,7.0,True,1,0,0,7.0
Home_01/video_10,False,135,150,24.0003840061441,False,0,0,1,,True,1,0,0,6.04,True,1,0,0,6.04,True,1,0,0,6.04
Home_01/video_11,False,137,170,24.0003840061441,False,0,0,1,,True,1,1,0,6.04;7.64,True,1,0,0,5.72,True,1,0,0,6.36
Home_01/video_12,False,161,173,24.0003840061441,True,1,0,0,7.64,True,1,0,0,7.32,True,1,0,0,7.32,True,1,0,0,7.32
Home_01/video_13,False,156,167,24.0003840061441,True,1,0,0,7.32,True,1,0,0,7.32,True,1,0,0,7.32,True,1,0,0,7.0
Home_01/video_14,False,186,199,24.0003840061441,False,0,0,1,,True,1,0,0,8.6,True,1,0,0,8.28,True,1,0,0,8.6
Home_01/video_15,False,170,184,24.0003840061441,False,0,0,1,,True,1,0,0,7.64,True,1,0,0,7.64,True,1,0,0,7.96
Home_01/video_16,False,186,199,24.0003840061441,True,0,0,1,,True,1,0,0,8.28,True,0,0,1,,True,0,0,1,
Home_01/video_17,False,154,169,24.0003840061441,True,0,0,1,,True,0,0,1,,True,0,0,1,,True,0,0,1,
Home_01/video_18,False,135,149,24.0003840061441,False,0,0,1,,True,1,0,0,6.36,True,1,0,0,6.36,True,1,1,0,4.12;6.68
Home_01/video_19,False,129,139,24.0003840061441,True,1,0,0,6.68,True,1,0,0,6.36,True,1,0,0,6.68,True,1,0,0,6.68
Home_01/video_2,False,120,137,24.0003840061441,True,1,0,0,6.04,True,1,0,0,6.04,True,1,0,0,6.04,True,1,0,0,6.04
Home_01/video_20,False,147,158,24.0003840061441,True,1,0,0,7.64,True,1,0,0,7.32,True,1,0,0,7.0,True,1,0,0,7.32
Home_01/video_21,False,148,156,24.0003840061441,True,1,0,0,7.64,True,1,0,0,7.32,True,1,0,0,7.0,True,1,0,0,7.32
Home_01/video_22,False,151,160,24.0003840061441,True,1,0,0,7.32,True,1,0,0,7.0,True,1,0,0,7.32,True,1,0,0,7.32
Home_01/video_23,False,165,173,24.0003840061441,True,1,0,0,8.28,True,1,0,0,7.96,True,1,0,0,7.96,True,1,0,0,7.96
Home_01/video_24,False,131,142,24.0003840061441,True,1,0,0,6.68,True,1,0,0,6.36,True,1,0,0,6.36,True,1,0,0,6.68
Home_01/video_25,False,173,182,24.0003840061441,True,1,0,0,8.28,True,1,0,0,7.96,True,1,0,0,7.96,True,1,0,0,7.96
Home_01/video_26,False,130,141,24.0003840061441,True,1,0,0,6.36,True,1,0,0,6.36,True,1,0,0,6.36,True,1,0,0,6.36
Home_01/video_27,False,168,175,24.0003840061441,True,1,0,0,7.96,True,1,0,0,7.96,True,1,0,0,7.64,True,1,0,0,7.64
Home_01/video_28,False,169,180,24.0003840061441,True,1,0,0,7.96,True,1,0,0,7.96,True,1,0,0,7.96,True,1,0,0,7.96
Home_01/video_29,False,159,170,24.0003840061441,False,0,0,1,,True,1,1,0,7.64;10.84,True,1,0,0,7.64,True,1,0,0,7.32
Home_01/video_3,False,122,137,24.0003840061441,True,1,0,0,6.04,True,1,0,0,6.04,True,1,0,0,6.04,True,1,0,0,6.04
Home_01/video_30,False,123,138,24.0003840061441,True,1,0,0,6.04,True,1,0,0,6.04,True,1,0,0,6.04,True,1,0,0,6.04
Home_01/video_4,False,149,164,24.0003840061441,True,1,0,0,7.32,True,1,0,0,7.32,True,1,0,0,7.0,True,1,0,0,7.32
Home_01/video_5,False,109,125,24.0003840061441,False,0,0,1,,True,1,0,0,5.4,True,1,0,0,5.4,True,0,0,1,
Home_01/video_6,False,116,140,24.0003840061441,True,1,0,0,6.04,True,1,0,0,5.72,True,1,0,0,5.72,True,1,0,0,5.72
Home_01/video_7,False,139,154,24.0003840061441,True,1,0,0,7.0,True,1,0,0,6.36,True,1,0,0,6.04,True,1,0,0,6.68
Home_01/video_8,False,125,139,24.0003840061441,True,1,0,0,6.04,True,1,0,0,5.72,True,1,0,0,6.04,True,1,1,0,5.72;11.48
Home_01/video_9,False,149,163,24.0003840061441,False,0,0,1,,True,1,0,0,7.0,True,1,0,0,7.0,True,1,2,0,7.0;12.12;13.4
Home_02/video_31,False,200,216,24.0003840061441,True,1,0,0,9.56,True,1,0,0,9.24,True,1,0,0,9.24,True,1,0,0,8.92
Home_02/video_32,False,87,99,24.0003840061441,True,1,0,0,4.76,True,1,0,0,4.76,True,1,0,0,4.76,True,1,0,0,4.76
Home_02/video_33,False,127,140,24.0003840061441,True,1,0,0,6.36,True,1,0,0,6.04,True,1,0,0,6.04,True,1,0,0,6.04
Home_02/video_34,False,157,170,24.0003840061441,True,1,0,0,7.64,True,1,0,0,7.32,True,1,0,0,7.32,True,1,0,0,7.32
Home_02/video_35,False,136,149,24.0003840061441,True,1,0,0,7.32,True,1,0,0,6.04,True,1,0,0,6.04,True,1,0,0,6.04
Home_02/video_36,False,124,139,24.0003840061441,False,0,0,1,,True,1,0,0,6.04,True,1,0,0,6.04,True,1,0,0,6.04
Home_02/video_37,False,129,144,24.0003840061441,True,1,0,0,6.36,True,1,0,0,6.36,True,1,0,0,6.04,True,1,0,0,6.36
Home_02/video_38,False,0,0,24.0003840061441,True,0,0,0,,True,0,0,0,,True,0,0,0,,True,0,0,0,
Home_02/video_39,False,0,0,24.0003840061441,True,0,0,0,,True,0,0,0,,True,0,0,0,,True,0,0,0,
Home_02/video_40,False,0,0,24.0003840061441,True,0,0,0,,True,0,0,0,,True,0,0,0,,True,0,0,0,
Home_02/video_41,False,0,0,24.0003840061441,True,0,0,0,,True,0,0,0,,True,0,0,0,,True,0,0,0,
Home_02/video_42,False,0,0,24.0003840061441,True,0,0,0,,True,0,0,0,,True,0,0,0,,True,0,0,0,
Home_02/video_43,False,0,0,24.0003840061441,True,0,0,0,,True,0,0,0,,True,0,0,0,,True,0,0,0,
Home_02/video_44,False,0,0,24.0003840061441,True,0,0,0,,True,0,0,0,,True,0,0,0,,True,0,0,0,
Home_02/video_45,False,0,0,24.0003840061441,True,0,0,0,,True,0,0,0,,True,0,0,0,,True,0,0,0,
Home_02/video_46,False,0,0,24.0003840061441,True,0,0,0,,True,0,0,0,,True,0,0,0,,True,0,0,0,
Home_02/video_47,False,0,0,24.0003840061441,True,0,0,0,,True,0,0,0,,True,0,0,0,,True,0,0,0,
Home_02/video_48,False,0,0,24.0003840061441,True,0,0,0,,True,0,0,0,,True,0,0,0,,True,0,0,0,
Home_02/video_49,False,0,0,24.0003840061441,True,0,0,0,,True,0,0,0,,True,0,0,0,,True,0,0,0,
Home_02/video_50,False,0,0,24.0003840061441,True,0,0,0,,True,0,0,0,,True,0,0,0,,True,0,0,0,
Home_02/video_51,False,0,0,24.0003840061441,True,0,0,0,,True,0,0,0,,True,0,0,0,,True,0,0,0,
Home_02/video_52,False,0,0,24.0003840061441,True,0,1,0,7.32,True,0,0,0,,True,0,0,0,,True,0,0,0,
Home_02/video_53,False,0,0,24.0003840061441,True,0,1,0,6.04,True,0,0,0,,True,0,0,0,,True,0,0,0,
Home_02/video_54,False,0,0,24.0003840061441,True,0,0,0,,True,0,0,0,,True,0,0,0,,True,0,0,0,
Home_02/video_55,False,0,0,24.0003840061441,True,0,0,0,,True,0,0,0,,True,0,1,0,6.68,True,0,0,0,
Home_02/video_56,False,0,0,24.0003840061441,True,0,0,0,,True,0,0,0,,True,0,0,0,,True,0,0,0,
Home_02/video_57,False,0,0,24.0003840061441,True,0,0,0,,True,0,1,0,9.24,True,0,0,0,,True,0,0,0,
Home_02/video_58,False,0,0,24.0003840061441,True,0,0,0,,True,0,0,0,,True,0,0,0,,True,0,0,0,
Home_02/video_59,False,0,0,24.0003840061441,True,0,1,0,7.64,True,0,0,0,,True,0,0,0,,True,0,0,0,
Home_02/video_60,False,0,0,24.0003840061441,True,0,0,0,,True,0,0,0,,True,0,0,0,,True,0,0,0,
