dataset,video,ground_truth_fall,own_processed,own_video_prediction,own_event_tp,own_event_fp,own_event_fn,own_alarm_times,posec3d_processed,posec3d_video_prediction,posec3d_event_tp,posec3d_event_fp,posec3d_event_fn,posec3d_alarm_times
le2i38,le2i__Coffee_room_01_023,1,1,1,1,0,0,9.24,1,1,1,0,0,9.24
le2i38,le2i__Coffee_room_01_024,1,1,1,1,0,0,9.24,1,1,1,0,0,9.24
le2i38,le2i__Coffee_room_01_025,1,1,1,1,0,0,6.36,1,1,1,0,0,6.36
le2i38,le2i__Coffee_room_01_026,1,1,1,1,0,0,9.24,1,1,1,0,0,8.92
le2i38,le2i__Coffee_room_01_027,1,1,1,1,0,0,7.32,1,1,1,0,0,7.00
le2i38,le2i__Coffee_room_01_028,1,1,1,1,0,0,3.48,1,1,1,0,0,3.48
le2i38,le2i__Coffee_room_01_004,1,1,1,1,0,0,6.04,1,1,1,0,0,5.72
le2i38,le2i__Coffee_room_01_005,1,1,1,1,0,0,6.36,1,1,1,0,0,6.36
le2i38,le2i__Coffee_room_01_006,1,1,1,1,0,0,6.68,1,1,1,0,0,6.36
le2i38,le2i__Coffee_room_01_007,1,1,1,1,0,0,5.08,1,1,1,0,0,5.08
le2i38,le2i__Coffee_room_01_008,1,1,1,1,0,0,7.64,1,1,1,0,0,7.32
le2i38,le2i__Coffee_room_02_054,1,0,0,0,0,1,,1,1,1,0,0,7.32
le2i38,le2i__Coffee_room_02_057,1,1,1,1,0,0,18.84,1,1,1,0,0,18.84
le2i38,le2i__Coffee_room_02_068,0,1,0,0,0,0,,1,0,0,0,0,
le2i38,le2i__Home_01_011,1,0,0,0,0,1,,1,1,1,0,0,6.36
le2i38,le2i__Home_01_014,1,0,0,0,0,1,,1,1,1,0,0,8.60
le2i38,le2i__Home_01_015,1,0,0,0,0,1,,1,1,1,0,0,7.96
le2i38,le2i__Home_01_018,1,0,0,0,0,1,,1,1,1,0,0,6.68
le2i38,le2i__Home_02_040,0,1,0,0,0,0,,1,0,0,0,0,
le2i38,le2i__Home_02_057,0,1,0,0,0,0,,1,0,0,0,0,
le2i38,le2i__Home_02_058,0,1,0,0,0,0,,1,0,0,0,0,
le2i38,le2i__Home_02_059,0,1,1,0,1,0,7.64,1,0,0,0,0,
le2i38,le2i__Home_02_060,0,1,0,0,0,0,,1,0,0,0,0,
le2i38,le2i__Lecture_room_015,0,0,0,0,0,0,,1,0,0,0,0,
le2i38,le2i__Lecture_room_016,0,1,0,0,0,0,,1,0,0,0,0,
le2i38,le2i__Lecture_room_020,0,1,0,0,0,0,,1,0,0,0,0,
le2i38,le2i__Lecture_room_021,0,1,0,0,0,0,,1,1,0,2,0,29.72;41.24
le2i38,le2i__Lecture_room_022,0,1,0,0,0,0,,1,1,0,1,0,38.68
le2i38,le2i__Lecture_room_023,0,0,0,0,0,0,,1,1,0,1,0,22.68
le2i38,le2i__Lecture_room_004,1,0,0,0,0,1,,1,1,1,0,0,11.80
le2i38,le2i__Lecture_room_005,1,0,0,0,0,1,,1,1,1,0,0,11.48
le2i38,le2i__Office_010,1,1,1,1,0,0,7.64,1,1,1,0,0,7.32
le2i38,le2i__Office_011,1,1,1,1,0,0,5.08,1,1,1,0,0,4.44
le2i38,le2i__Office_012,1,1,1,1,0,0,9.24,1,1,1,0,0,8.60
le2i38,le2i__Office_021,0,1,0,0,0,0,,1,0,0,0,0,
le2i38,le2i__Office_022,0,1,0,0,0,0,,1,0,0,0,0,
le2i38,le2i__Office_025,0,1,0,0,0,0,,1,0,0,0,0,
le2i38,le2i__Office_031,0,1,0,0,0,0,,1,0,0,0,0,
gmdcsa37,gmdcsa__Subject_4__Fall__01,1,1,1,1,0,0,2.84,1,1,1,0,0,2.84
gmdcsa37,gmdcsa__Subject_4__Fall__02,1,1,0,0,0,1,,1,0,0,0,1,
gmdcsa37,gmdcsa__Subject_4__Fall__03,1,1,0,0,0,1,,1,1,1,0,0,2.84
gmdcsa37,gmdcsa__Subject_4__Fall__04,1,0,0,0,0,1,,1,1,1,0,0,2.52
gmdcsa37,gmdcsa__Subject_4__Fall__05,1,1,1,1,0,0,4.12,1,0,0,0,1,
gmdcsa37,gmdcsa__Subject_4__Fall__06,1,1,1,1,0,0,4.12,1,0,0,0,1,
gmdcsa37,gmdcsa__Subject_4__Fall__07,1,1,1,1,0,0,3.48,1,1,1,0,0,3.16
gmdcsa37,gmdcsa__Subject_4__Fall__08,1,1,0,0,0,1,,1,0,0,0,1,
gmdcsa37,gmdcsa__Subject_4__Fall__09,1,1,0,0,0,1,,1,0,0,0,1,
gmdcsa37,gmdcsa__Subject_4__Fall__10,1,1,1,1,0,0,3.48,1,1,1,0,0,3.48
gmdcsa37,gmdcsa__Subject_4__Fall__11,1,1,1,1,0,0,2.52,1,1,1,0,0,2.52
gmdcsa37,gmdcsa__Subject_4__Fall__12,1,1,1,1,0,0,2.84,1,1,1,0,0,2.84
gmdcsa37,gmdcsa__Subject_4__Fall__13,1,1,0,0,0,1,,1,0,0,0,1,
gmdcsa37,gmdcsa__Subject_4__Fall__14,1,1,1,1,1,0,2.52;3.80,1,0,0,0,1,
gmdcsa37,gmdcsa__Subject_4__Fall__15,1,1,1,1,0,0,3.16,1,1,1,0,0,2.84
gmdcsa37,gmdcsa__Subject_4__Fall__16,1,1,1,1,0,0,4.76,1,1,1,0,0,4.44
gmdcsa37,gmdcsa__Subject_4__Fall__17,1,1,1,1,0,0,4.12,1,0,0,0,1,
gmdcsa37,gmdcsa__Subject_4__ADL__01,0,1,0,0,0,0,,1,0,0,0,0,
gmdcsa37,gmdcsa__Subject_4__ADL__02,0,1,0,0,0,0,,1,0,0,0,0,
gmdcsa37,gmdcsa__Subject_4__ADL__03,0,1,0,0,0,0,,1,0,0,0,0,
gmdcsa37,gmdcsa__Subject_4__ADL__04,0,1,0,0,0,0,,1,0,0,0,0,
gmdcsa37,gmdcsa__Subject_4__ADL__05,0,1,0,0,0,0,,1,0,0,0,0,
gmdcsa37,gmdcsa__Subject_4__ADL__06,0,1,1,0,1,0,2.52,1,0,0,0,0,
gmdcsa37,gmdcsa__Subject_4__ADL__07,0,0,0,0,0,0,,1,1,0,1,0,3.80
gmdcsa37,gmdcsa__Subject_4__ADL__08,0,1,0,0,0,0,,1,0,0,0,0,
gmdcsa37,gmdcsa__Subject_4__ADL__09,0,1,0,0,0,0,,1,0,0,0,0,
gmdcsa37,gmdcsa__Subject_4__ADL__10,0,1,1,0,1,0,5.40,1,0,0,0,0,
gmdcsa37,gmdcsa__Subject_4__ADL__11,0,1,0,0,0,0,,1,0,0,0,0,
gmdcsa37,gmdcsa__Subject_4__ADL__12,0,1,0,0,0,0,,1,0,0,0,0,
gmdcsa37,gmdcsa__Subject_4__ADL__13,0,1,0,0,0,0,,1,0,0,0,0,
gmdcsa37,gmdcsa__Subject_4__ADL__14,0,1,0,0,0,0,,1,0,0,0,0,
gmdcsa37,gmdcsa__Subject_4__ADL__15,0,1,0,0,0,0,,1,0,0,0,0,
gmdcsa37,gmdcsa__Subject_4__ADL__16,0,1,0,0,0,0,,1,0,0,0,0,
gmdcsa37,gmdcsa__Subject_4__ADL__17,0,1,0,0,0,0,,1,0,0,0,0,
gmdcsa37,gmdcsa__Subject_4__ADL__18,0,1,0,0,0,0,,1,0,0,0,0,
gmdcsa37,gmdcsa__Subject_4__ADL__19,0,1,0,0,0,0,,1,0,0,0,0,
gmdcsa37,gmdcsa__Subject_4__ADL__20,0,1,0,0,0,0,,1,0,0,0,0,
cauca19,cauca__backwards__FallBackwardsS8,1,1,1,1,0,0,4.12,1,1,1,0,0,3.48
cauca19,cauca__adl__WalkS9,0,1,0,0,0,0,,1,0,0,0,0,
cauca19,cauca__adl__SitDownS9,0,1,0,0,0,0,,1,0,0,0,0,
cauca19,cauca__adl__PickupobjectS9,0,1,0,0,0,0,,1,0,0,0,0,
cauca19,cauca__adl__SitDownS8,0,1,0,0,0,0,,1,0,0,0,0,
cauca19,cauca__adl__KneelS8,0,1,0,0,0,0,,1,0,0,0,0,
cauca19,cauca__adl__HopS9,0,1,0,0,0,0,,1,0,0,0,0,
cauca19,cauca__adl__KneelS9,0,1,0,0,0,0,,1,1,0,1,0,3.80
cauca19,cauca__adl__HopS8,0,1,0,0,0,0,,1,0,0,0,0,
cauca19,cauca__adl__PickupobjectS8,0,1,0,0,0,0,,1,0,0,0,0,
cauca19,cauca__adl__WalkS8,0,1,0,0,0,0,,1,0,0,0,0,
cauca19,cauca__side__FallLeftS8,1,1,1,1,0,0,3.16,1,1,1,0,0,2.84
cauca19,cauca__side__FallRightS9,1,1,1,1,0,0,3.48,1,1,1,0,0,3.16
cauca19,cauca__side__FallSittingS9,1,1,1,1,0,0,5.72,1,0,0,0,1,
cauca19,cauca__side__FallLeftS9,1,0,0,0,0,1,,1,0,0,0,1,
cauca19,cauca__side__FallSittingS8,1,1,0,0,0,1,,1,1,1,0,0,4.12
cauca19,cauca__side__FallRightS8,1,1,1,1,0,0,3.48,1,1,1,0,0,3.16
cauca19,cauca__forward__FallForwardS8,1,1,1,1,0,0,2.52,1,1,1,0,0,2.52
cauca19,cauca__forward__FallForwardS9,1,1,1,1,0,0,3.16,1,1,1,0,0,2.84
