model,dataset,unit,videos,positive,processed,tp,fp,fn,tn,precision_pct,recall_pct,f1_pct,ap_pct
own,le2i38,event,38,22,29,15,1,7,,93.75,68.18181818181817,78.94736842105263,
own,le2i38,video,38,22,29,15,1,7,15,93.75,68.18181818181817,78.94736842105263,86.6028708133971
own,gmdcsa37,event,37,17,35,11,3,6,,78.57142857142857,64.70588235294117,70.96774193548387,
own,gmdcsa37,video,37,17,35,11,2,6,18,84.61538461538461,64.70588235294117,73.33333333333333,89.00585951529987
own,cauca19,event,19,9,18,7,0,2,,100.0,77.77777777777779,87.5,
own,cauca19,video,19,9,18,7,0,2,10,100.0,77.77777777777779,87.5,91.92982456140354
posec3d,le2i38,event,38,22,38,21,20,1,,51.21951219512195,95.45454545454545,66.66666666666666,
posec3d,le2i38,video,38,22,38,21,7,1,9,75.0,95.45454545454545,84.0,96.16305916305915
posec3d,gmdcsa37,event,37,17,37,12,6,5,,66.66666666666666,70.58823529411765,68.57142857142857,
posec3d,gmdcsa37,video,37,17,37,12,6,5,14,66.66666666666666,70.58823529411765,68.57142857142857,84.19915558860794
posec3d,cauca19,event,19,9,19,9,6,0,,60.0,100.0,75.0,
posec3d,cauca19,video,19,9,19,9,4,0,6,69.23076923076923,100.0,81.81818181818183,83.71523538190206
