"stage","component","implementation","relationship","reference_ids","bibtex_keys","evidence","limitation","source_urls"
"input","RGB timestamp sampling","past-only actualPTS 25 fps","project","","","프로젝트 시간축 계약","프레임 선택이 past-only라도 전체 causal 구조 아님",""
"detector","Person detector","YOLOv8x","direct","R03","ultralyticsyolov8","공식 모델 및 현재 frontend","논문이 아닌 software documentation","https://docs.ultralytics.com/models/yolov8/"
"tracking","Dominant person selection","0.7 IoU + 0.3 confidence","project","","","프로젝트 선택·missing track 규칙","SORT/DeepSORT/ByteTrack 미사용",""
"pose","External RGB 2D pose","ViTPose-B COCO17","direct","R04;R07;R39","xu2022vitpose;lin2014coco;cocokeypoints","원 논문·공식 ViTPose 설정","YOLOv8-Pose가 아님","https://proceedings.neurips.cc/paper_files/paper/2022/hash/fbb10d319d44f8c3b4720873e4177c65-Abstract-Conference.html;https://doi.org/10.1007/978-3-319-10602-1_48;https://cocodataset.org/#keypoints-2020"
"pose","SAFER author 2D pose","ViTPose-H COCO17","direct","R04;R28","xu2022vitpose;lamsal2026safer","SAFER 저자 배포 및 README","외부 B 모델과 구분","https://proceedings.neurips.cc/paper_files/paper/2022/hash/fbb10d319d44f8c3b4720873e4177c65-Abstract-Conference.html;https://arxiv.org/abs/2609.08038v2"
"pose","ViT backbone ancestry","Vision Transformer","inherited","R14","dosovitskiy2021vit","ViTPose backbone 계열","별도 ViT 낙상 classifier 아님","https://arxiv.org/abs/2010.11929"
"pose","Coordinate processing","UDP affine/decoding + flip test","inherited","R05;R04","huang2020udp;xu2022vitpose","공식 ViTPose 설정 use_udp=True","COCO→H36M 관절 변환 출처가 아님","https://openaccess.thecvf.com/content_CVPR_2020/html/Huang_The_Devil_Is_in_the_Details_Delving_Into_Unbiased_Data_CVPR_2020_paper.html;https://proceedings.neurips.cc/paper_files/paper/2022/hash/fbb10d319d44f8c3b4720873e4177c65-Abstract-Conference.html"
"conversion","COCO17 to H36M17","reorder plus virtual pelvis/spine","project","R07;R08;R39","lin2014coco;ionescu2014human36m;cocokeypoints","입력 체계 출처와 프로젝트 mapping","confidence는 현행 COCO 순서 보존","https://doi.org/10.1007/978-3-319-10602-1_48;https://vision.imar.ro/human3.6m/description.php;https://cocodataset.org/#keypoints-2020"
"conversion","Image coordinates","2x/W-1; 2y/W-H/W","project","R06;R28","mehraban2024motionagformer;lamsal2026safer","SAFER 기반 입력 처리","특정 논문만으로 정확한 규칙 대체 불가","https://openaccess.thecvf.com/content/WACV2024/html/Mehraban_MotionAGFormer_Enhancing_3D_Human_Pose_Estimation_With_a_Transformer-GCNFormer_Network_WACV_2024_paper.html;https://arxiv.org/abs/2609.08038v2"
"lifting","2D to 3D","MotionAGFormer-B H36M","direct","R06;R08","mehraban2024motionagformer;ionescu2014human36m","WACV 원 논문·공식 모델","DSTE나 fall classifier가 아님","https://openaccess.thecvf.com/content/WACV2024/html/Mehraban_MotionAGFormer_Enhancing_3D_Human_Pose_Estimation_With_a_Transformer-GCNFormer_Network_WACV_2024_paper.html;https://vision.imar.ro/human3.6m/description.php"
"lifting","Full sequence fusion","243/121 triangular overlap-add floor .05","project","R06","mehraban2024motionagformer","프로젝트 V3 결합","원 lifting 논문의 동일 결합으로 귀속 금지","https://openaccess.thecvf.com/content/WACV2024/html/Mehraban_MotionAGFormer_Enhancing_3D_Human_Pose_Estimation_With_a_Transformer-GCNFormer_Network_WACV_2024_paper.html"
"conversion","H36M17 to proxy NTU25","joint mapping and terminal copies","project","R08;R09","ionescu2014human36m;shahroudy2016ntu","두 데이터 체계+프로젝트 변환","원 Kinect25 측정 복구 아님","https://vision.imar.ro/human3.6m/description.php;https://openaccess.thecvf.com/content_cvpr_2016/html/Shahroudy_NTU_RGBD_A_CVPR_2016_paper.html"
"normalization","SAFER/RGB scale and alignment","torso .5; SpineMid; shoulder yaw","project","R10","sun2023umurl","UmURL 정렬 계보와 현행 변형","FU와 동일 scaling 아님","https://github.com/HuiGuanLab/UmURL"
"normalization","Native NTU preprocessing","official UmURL normalization lineage","direct","R10;R09","sun2023umurl;shahroudy2016ntu","공식 전처리 계보","RGB proxy 처리 전체와 동일하지 않음","https://github.com/HuiGuanLab/UmURL;https://openaccess.thecvf.com/content_cvpr_2016/html/Shahroudy_NTU_RGBD_A_CVPR_2016_paper.html"
"input","FU skeleton","native Kinect20 to proxy25; 30 fps","direct","R29","aslan2017fall","FU 원 데이터·프로젝트 mapper","RGB lifting 없음; torso .5 미적용","https://dergipark.org.tr/tr/pub/gazimmfd/article/369347"
"windowing","Classification window","64 frames stride 8","project","R01;R02","wang2025foundation;weng2025usdrl","고정 프로젝트 입력 계약","SAFER center supervision와 출력 시점 구분","https://arxiv.org/abs/2508.12586;https://ojs.aaai.org/index.php/AAAI/article/view/32899"
"encoder","DSTE backbone","frozen two streams","direct","R01;R02","wang2025foundation;weng2025usdrl","USDRL 및 Foundation 공식 구현","새 백본 제안·재사전학습 주장 금지","https://arxiv.org/abs/2508.12586;https://ojs.aaai.org/index.php/AAAI/article/view/32899"
"encoder","Temporal/spatial ancestry","two stream dynamic/structural representation","inherited","R11;R01","wang2017twostream;wang2025foundation","Foundation section 3 explicit citation","2017 RNN 전체를 사용한 것 아님","https://openaccess.thecvf.com/content_cvpr_2017/html/Wang_Modeling_Temporal_Dynamics_CVPR_2017_paper.html;https://arxiv.org/abs/2508.12586"
"encoder","Stream embedding","MLP LN ReLU MLP","direct","R01;R02;R15","wang2025foundation;weng2025usdrl;ba2016layernorm","현행 DSTE Skeleton_Emb","두 stream hidden1024","https://arxiv.org/abs/2508.12586;https://ojs.aaai.org/index.php/AAAI/article/view/32899;https://arxiv.org/abs/1607.06450"
"encoder","Positional encoding","temporal sinusoidal; spatial learned","inherited","R13;R01;R02","vaswani2017attention;wang2025foundation;weng2025usdrl","DSTE 구현·Transformer 배경","모두 sinusoidal 아님","https://arxiv.org/abs/1706.03762;https://arxiv.org/abs/2508.12586;https://ojs.aaai.org/index.php/AAAI/article/view/32899"
"encoder","DSA","token mixing; gap4; two branch average","direct","R01;R02","wang2025foundation;weng2025usdrl","USDRL DSA 및 구현","논문의 mask/합산 표현과 현행 평균 구분","https://arxiv.org/abs/2508.12586;https://ojs.aaai.org/index.php/AAAI/article/view/32899"
"encoder","DSA antecedent","dense temporal modeling in GgHM","inherited","R12;R02","xing2023gghm;weng2025usdrl","USDRL DSA explicit citation to Xing et al.","GgHM 전체 구현·평가 아님","https://openaccess.thecvf.com/content/ICCV2023/html/Xing_Boosting_Few-shot_Action_Recognition_with_Graph-guided_Hybrid_Matching_ICCV_2023_paper.html;https://ojs.aaai.org/index.php/AAAI/article/view/32899"
"encoder","CA","Conv1d kernel1 groups1 then attention FFN","direct","R01;R02","wang2025foundation;weng2025usdrl","USDRL CA 및 구현","depthwise 또는 긴 temporal kernel 아님","https://arxiv.org/abs/2508.12586;https://ojs.aaai.org/index.php/AAAI/article/view/32899"
"encoder","Attention and FFN","MHA head1; LN; GELU; DropPath","inherited","R13;R15;R16;R18","vaswani2017attention;ba2016layernorm;hendrycks2016gelu;huang2016stochastic","DSTE에 포함된 기본 연산","평가 DropPath 비활성; 기본 연산을 새 제안으로 쓰지 않음","https://arxiv.org/abs/1706.03762;https://arxiv.org/abs/1607.06450;https://arxiv.org/abs/1606.08415;https://arxiv.org/abs/1603.09382"
"encoder","DST aggregation","0.5 CA + 0.5 DSA; 2 layers per stream","direct","R01;R02","wang2025foundation;weng2025usdrl","DSTE 원 구조·현재 설정","CA residual 세부 구현 보존","https://arxiv.org/abs/2508.12586;https://ojs.aaai.org/index.php/AAAI/article/view/32899"
"pooling","Representation output","max temporal/spatial then concat2048","direct","R01;R02","wang2025foundation;weng2025usdrl","논문·현행 순전파","CLS 또는 mean pool이 아님","https://arxiv.org/abs/2508.12586;https://ojs.aaai.org/index.php/AAAI/article/view/32899"
"pretraining","USDRL objectives","MG-FD/MPCT upstream","inherited","R01;R02;R20;R40","wang2025foundation;weng2025usdrl;bardes2022vicreg;zbontar2021barlow","논문이 VICReg/Barlow 명시","현재 J1 loss/추론 projector 아님","https://arxiv.org/abs/2508.12586;https://ojs.aaai.org/index.php/AAAI/article/view/32899;https://arxiv.org/abs/2105.04906;https://proceedings.mlr.press/v139/zbontar21a.html"
"adapter","J1 exact architecture","LN2048 down256 GELU dropout.1 up2048 plus residual","project","R21;R22;R23","houlsby2019adapters;chen2022adaptformer;xin2024vmt","보존 설계 원장·구현; 논문은 관련 계열","각 DSTE block 내부 삽입 아님","https://proceedings.mlr.press/v97/houlsby19a.html;https://proceedings.neurips.cc/paper_files/paper/2022/hash/69e2f49ab0837b71b0e0cb7c555990f8-Abstract-Conference.html;https://ojs.aaai.org/index.php/AAAI/article/view/29541"
"adapter","J1 identity start","zero up weight and bias","project","R22;R17","chen2022adaptformer;he2016residual","현행 exact identity; 개념 비교","과거 직접 착안 경위 확정 아님","https://proceedings.neurips.cc/paper_files/paper/2022/hash/69e2f49ab0837b71b0e0cb7c555990f8-Abstract-Conference.html;https://openaccess.thecvf.com/content_cvpr_2016/html/He_Deep_Residual_Learning_CVPR_2016_paper.html"
"adapter","Houlsby relationship","residual bottleneck transfer","related","R21","houlsby2019adapters","ICML2019 section2.1","serial internal adapter와 위치·초기화 차이","https://proceedings.mlr.press/v97/houlsby19a.html"
"adapter","AdaptFormer relationship","frozen backbone zero-up bottleneck","related","R22","chen2022adaptformer","NeurIPS2022 section3.2/4.1","J1은 pooled feature 뒤; ReLU/scale 구조 차이","https://proceedings.neurips.cc/paper_files/paper/2022/hash/69e2f49ab0837b71b0e0cb7c555990f8-Abstract-Conference.html"
"adapter","VMT relationship","multi-task shared adaptation","related","R23","xin2024vmt","기존 방법문서 인용 및 원 논문","task-specific extraction/Lite 미구현","https://ojs.aaai.org/index.php/AAAI/article/view/29541"
"training","J1 regularization and optimizer","LN GELU dropout AdamW","inherited","R15;R16;R19;R24","ba2016layernorm;hendrycks2016gelu;srivastava2014dropout;loshchilov2019adamw","현행 표준 연산 및 optimizer","SGD G0와 구분","https://arxiv.org/abs/1607.06450;https://arxiv.org/abs/1606.08415;https://www.jmlr.org/papers/v15/srivastava14a.html;https://arxiv.org/abs/1711.05101"
"training","Joint supervision","SAFER center 4class; FU pooled clip binary","project","R28;R29;R23","lamsal2026safer;aslan2017fall;xin2024vmt","프로젝트 label-unit-specific heads","contrastive/domain-adversarial loss 아님","https://arxiv.org/abs/2609.08038v2;https://dergipark.org.tr/tr/pub/gazimmfd/article/369347;https://ojs.aaai.org/index.php/AAAI/article/view/29541"
"classifier","G0","frozen J1 then Linear2048 to4","project","R01;R02","wang2025foundation;weng2025usdrl","linear evaluation 계열·프로젝트 G0","J1 공동학습 SAFER head와 별도; optimizer SGD","https://arxiv.org/abs/2508.12586;https://ojs.aaai.org/index.php/AAAI/article/view/32899"
"evaluation","Event decoder and matching","fall rising edge; fixed tolerance","project","R32","schneider2026omnifallv3","프로젝트 event contract; dataset citation only","OmniFall 공식 평가와 자동 동일 아님","https://arxiv.org/abs/2505.19889v3"
"related","Representation comparators","ST-GCN; PoseConv3D; PYSKL","related","R25;R26;R27","yan2018stgcn;duan2022posec3d;duan2022pyskl","각 원 논문","현재 DSTE 내부 부품으로 간주 금지","https://ojs.aaai.org/index.php/AAAI/article/view/12328;https://openaccess.thecvf.com/content/CVPR2022/html/Duan_Revisiting_Skeleton-Based_Action_Recognition_CVPR_2022_paper.html;https://arxiv.org/abs/2205.09443"
"related","Fall comparators","pose fusion; pose classifier; 3D GCN; 2D transformer","related","R33;R34;R35;R36","kim2024fusion;raza2025pose;zobi2025vira;benabdennour2026fall","원문 방법·평가 절","target training 및 clip/event 다름","https://doi.org/10.3390/app14020709;https://e-archivo.uc3m.es/entities/publication/4836f6cb-ddd6-4038-8fed-468fb5c3c67b;https://www.mdpi.com/1424-8220/25/21/6783;https://eprints.gla.ac.uk/384046/"
"data","Training sources","SAFER and FU","direct","R28;R29","lamsal2026safer;aslan2017fall","학습 계약 및 데이터 원 연구","G0는 SAFER만","https://arxiv.org/abs/2609.08038v2;https://dergipark.org.tr/tr/pub/gazimmfd/article/369347"
"data","External sources","Le2i; URFD; CAUCA; OmniFall","direct","R30;R31;R37;R32","charfi2013le2i;kwolek2014urfd;eraso2022caucafall;schneider2026omnifallv3","원 데이터와 통합 annotation","직접 모델 구성 논문과 구별","https://doi.org/10.1117/1.JEI.22.4.041106;https://fenix.ur.edu.pl/~mkepski/ds/uf.html;https://doi.org/10.1016/j.dib.2022.108610;https://arxiv.org/abs/2505.19889v3"
"legacy","OOPS input history","unintentional action data","legacy","R38;R32","epstein2020oops;schneider2026omnifallv3","기존 RGB/외부진단","현재 J1/G0 학습 데이터 주장 금지","https://openaccess.thecvf.com/content_CVPR_2020/html/Epstein_Oops_Predicting_Unintentional_Action_in_Video_CVPR_2020_paper.html;https://arxiv.org/abs/2505.19889v3"

