dataset,model,videos,fall_events,processed,tp,fp,fn,precision,recall,f1,video_f1,video_ap,video_specificity,duration_hours,false_alarms_per_hour,execution_origin
le2i38,own,38,22,29,15,1,7,0.9375,0.6818181818181818,0.7894736842105263,0.7894736842105263,0.866028708133971,0.9375,0.17186529666666667,5.818510306589139,new_comparator_inference_reused_own
le2i38,stgcnpp,38,22,38,22,4,0,0.8461538461538461,1.0,0.9166666666666666,0.9361702127659575,0.9945454545454544,0.8125,0.17186529666666667,23.274041226356555,new_comparator_inference_reused_own
le2i38,msg3d,38,22,38,20,2,2,0.9090909090909091,0.9090909090909091,0.9090909090909091,0.9090909090909091,0.9941460055096416,0.875,0.17186529666666667,11.637020613178278,new_comparator_inference_reused_own
le2i38,cnn1d,38,22,38,21,9,1,0.7,0.9545454545454546,0.8076923076923077,0.84,0.9689713512294156,0.5625,0.17186529666666667,52.36659275930225,new_comparator_inference_reused_own
gmdcsa37,own,37,17,35,11,3,6,0.7857142857142857,0.6470588235294118,0.7096774193548387,0.7333333333333333,0.8900585951529987,0.9,0.080295,37.362226788716605,new_comparator_inference_reused_own
gmdcsa37,stgcnpp,37,17,37,11,1,6,0.9166666666666666,0.6470588235294118,0.7586206896551724,0.7586206896551724,0.8675836108898989,0.95,0.080295,12.454075596238868,new_comparator_inference_reused_own
gmdcsa37,msg3d,37,17,37,10,0,7,1.0,0.5882352941176471,0.7407407407407407,0.7407407407407407,0.8603589167076455,1.0,0.080295,0.0,new_comparator_inference_reused_own
gmdcsa37,cnn1d,37,17,37,8,2,9,0.8,0.47058823529411764,0.5925925925925926,0.5925925925925926,0.8242674413926786,0.9,0.080295,24.908151192477735,new_comparator_inference_reused_own
cauca19,own,19,9,18,7,0,2,1.0,0.7777777777777778,0.875,0.875,0.9192982456140353,1.0,0.0554861111111111,0.0,new_comparator_inference_reused_own
cauca19,stgcnpp,19,9,19,9,3,0,0.75,1.0,0.8571428571428571,0.9473684210526315,0.9674523007856342,0.9,0.0554861111111111,54.067584480600765,new_comparator_inference_reused_own
cauca19,msg3d,19,9,19,6,0,3,1.0,0.6666666666666666,0.8,0.8,0.9436868686868689,1.0,0.0554861111111111,0.0,new_comparator_inference_reused_own
cauca19,cnn1d,19,9,19,8,1,1,0.8888888888888888,0.8888888888888888,0.8888888888888888,0.8888888888888888,0.9888888888888889,0.9,0.0554861111111111,18.022528160200256,new_comparator_inference_reused_own
edf,own,2,16,1,8,3,8,0.7272727272727273,0.5,0.5925925925925926,0.6666666666666666,1.0,,0.11374074074074075,26.37577336372517,previously_completed
edf,stgcnpp,2,16,2,11,3,5,0.7857142857142857,0.6875,0.7333333333333333,1.0,1.0,,0.11374074074074075,26.37577336372517,previously_completed
edf,msg3d,2,16,2,7,3,9,0.7,0.4375,0.5384615384615384,1.0,1.0,,0.11374074074074075,26.37577336372517,previously_completed
edf,cnn1d,2,16,2,10,8,6,0.5555555555555556,0.625,0.5882352941176471,1.0,1.0,,0.11374074074074075,70.33539563660045,previously_completed
occu,own,2,16,2,6,2,10,0.75,0.375,0.5,0.6666666666666666,1.0,,0.10226851851851851,19.556360344047082,previously_completed
occu,stgcnpp,2,16,2,8,0,8,1.0,0.5,0.6666666666666666,1.0,1.0,,0.10226851851851851,0.0,previously_completed
occu,msg3d,2,16,2,10,0,6,1.0,0.625,0.7692307692307693,1.0,1.0,,0.10226851851851851,0.0,previously_completed
occu,cnn1d,2,16,2,4,7,12,0.36363636363636365,0.25,0.2962962962962963,0.6666666666666666,1.0,,0.10226851851851851,68.44726120416479,previously_completed
OOPS,own,572,636,454,273,74,363,0.7867435158501441,0.42924528301886794,0.555442522889115,0.6523388116308471,0.9572583877817304,0.8297872340425532,1.8373583098358017,40.275214477144154,previously_completed
OOPS,stgcnpp,572,636,572,421,133,215,0.759927797833935,0.6619496855345912,0.7075630252100841,0.8571428571428571,0.9825865812541703,0.7659574468085106,1.8373583098358017,72.38653412784018,previously_completed
OOPS,msg3d,572,636,572,412,204,224,0.6688311688311688,0.6477987421383647,0.65814696485623,0.8391906283280085,0.9751507643616364,0.574468085106383,1.8373583098358017,111.02896963969471,previously_completed
OOPS,cnn1d,572,636,572,436,229,200,0.6556390977443609,0.6855345911949685,0.6702536510376633,0.8541001064962727,0.9766433150510028,0.723404255319149,1.8373583098358017,124.63546101710827,previously_completed
le2i127,own,127,96,116,83,4,13,0.9540229885057471,0.8645833333333334,0.907103825136612,0.907103825136612,0.9665014193339792,0.8709677419354839,0.4469200005555554,8.950147666310967,new_comparator_inference_reused_own
le2i127,stgcnpp,127,96,127,95,3,1,0.9693877551020408,0.9895833333333334,0.979381443298969,0.9895833333333334,0.9997874149659862,0.967741935483871,0.4469200005555554,6.712610749733225,new_comparator_inference_reused_own
le2i127,msg3d,127,96,127,94,3,2,0.9690721649484536,0.9791666666666666,0.9740932642487047,0.9740932642487047,0.9978487900493145,0.9032258064516129,0.4469200005555554,6.712610749733225,new_comparator_inference_reused_own
le2i127,cnn1d,127,96,127,92,7,4,0.9292929292929293,0.9583333333333334,0.9435897435897436,0.9633507853403142,0.9966077046402857,0.9032258064516129,0.4469200005555554,15.662758416044191,new_comparator_inference_reused_own
