dataset,model,unit,videos,positive,processed,tp,fp,fn,tn,precision_pct,recall_pct,f1_pct,ap_pct
Le2i-CS,own,event,38,22,29,15,1,7,,93.75,68.18181818181817,78.94736842105263,
Le2i-CS,own,video,38,22,29,15,1,7,15,93.75,68.18181818181817,78.94736842105263,86.6028708133971
Le2i-CS,safer_posec3d,event,38,22,38,22,4,0,,84.61538461538461,100.0,91.66666666666666,
Le2i-CS,safer_posec3d,video,38,22,38,22,3,0,13,88.0,100.0,93.61702127659575,99.99999999999997
Le2i-CS,ntu_posec3d,event,38,22,38,21,20,1,,51.21951219512195,95.45454545454545,66.66666666666666,
Le2i-CS,ntu_posec3d,video,38,22,38,21,7,1,9,75.0,95.45454545454545,84.0,96.16305916305915
GMDCSA-CS,own,event,37,17,35,11,3,6,,78.57142857142857,64.70588235294117,70.96774193548387,
GMDCSA-CS,own,video,37,17,35,11,2,6,18,84.61538461538461,64.70588235294117,73.33333333333333,89.00585951529987
GMDCSA-CS,safer_posec3d,event,37,17,37,9,1,8,,90.0,52.94117647058824,66.66666666666666,
GMDCSA-CS,safer_posec3d,video,37,17,37,9,1,8,19,90.0,52.94117647058824,66.66666666666666,92.00528740959922
GMDCSA-CS,ntu_posec3d,event,37,17,37,12,6,5,,66.66666666666666,70.58823529411765,68.57142857142857,
GMDCSA-CS,ntu_posec3d,video,37,17,37,12,6,5,14,66.66666666666666,70.58823529411765,68.57142857142857,84.19915558860794
CAUCA-CS,own,event,19,9,18,7,0,2,,100.0,77.77777777777779,87.5,
CAUCA-CS,own,video,19,9,18,7,0,2,10,100.0,77.77777777777779,87.5,91.92982456140354
CAUCA-CS,safer_posec3d,event,19,9,19,7,1,2,,87.5,77.77777777777779,82.35294117647058,
CAUCA-CS,safer_posec3d,video,19,9,19,7,1,2,9,87.5,77.77777777777779,82.35294117647058,95.35634118967454
CAUCA-CS,ntu_posec3d,event,19,9,19,9,6,0,,60.0,100.0,75.0,
CAUCA-CS,ntu_posec3d,video,19,9,19,9,4,0,6,69.23076923076923,100.0,81.81818181818183,83.71523538190206
