scope,sample,truth_fall,quality_passed,tp,fp,fn,alarm_seconds,fall_intervals
gmdcsa37,Subject_4/Fall/01,1,True,1,0,0,[2.84],"[[1.1399999856948853, 2.440000057220459]]"
gmdcsa37,Subject_4/Fall/02,1,True,0,0,1,[],"[[1.440000057220459, 2.240000009536743]]"
gmdcsa37,Subject_4/Fall/03,1,True,0,0,1,[],"[[1.6399999856948853, 2.680000066757202]]"
gmdcsa37,Subject_4/Fall/04,1,False,0,0,1,[],"[[1.0399999618530273, 2.0399999618530273]]"
gmdcsa37,Subject_4/Fall/05,1,True,1,0,0,[4.12],"[[1.9199999570846558, 3.7799999713897705]]"
gmdcsa37,Subject_4/Fall/06,1,True,1,0,0,[4.12],"[[0.6600000262260437, 3.740000009536743]]"
gmdcsa37,Subject_4/Fall/07,1,True,1,0,0,[3.48],"[[2.059999942779541, 3.380000114440918]]"
gmdcsa37,Subject_4/Fall/08,1,True,0,0,1,[],"[[1.559999942779541, 3.0]]"
gmdcsa37,Subject_4/Fall/09,1,True,0,0,1,[],"[[1.4199999570846558, 2.700000047683716]]"
gmdcsa37,Subject_4/Fall/10,1,True,1,0,0,[3.48],"[[1.4800000190734863, 2.859999895095825]]"
gmdcsa37,Subject_4/Fall/11,1,True,1,0,0,[2.52],"[[1.0, 2.0199999809265137]]"
gmdcsa37,Subject_4/Fall/12,1,True,1,0,0,[2.84],"[[0.9200000166893005, 2.2799999713897705]]"
gmdcsa37,Subject_4/Fall/13,1,True,0,0,1,[],"[[0.0, 1.0800000429153442]]"
gmdcsa37,Subject_4/Fall/14,1,True,1,1,0,"[2.52, 3.8]","[[0.0, 3.259999990463257]]"
gmdcsa37,Subject_4/Fall/15,1,True,1,0,0,[3.16],"[[1.1799999475479126, 2.5799999237060547]]"
gmdcsa37,Subject_4/Fall/16,1,True,1,0,0,[4.76],"[[2.9800000190734863, 4.079999923706055]]"
gmdcsa37,Subject_4/Fall/17,1,True,1,0,0,[4.12],"[[2.140000104904175, 3.4800000190734863]]"
gmdcsa37,Subject_4/ADL/06,0,True,0,1,0,[2.52],[]
gmdcsa37,Subject_4/ADL/10,0,True,0,1,0,[5.4],[]
cauca19,backwards/FallBackwardsS8,1,True,1,0,0,[4.12],"[[1.7300000190734863, 4.550000190734863]]"
cauca19,side/FallLeftS8,1,True,1,0,0,[3.16],"[[1.0, 3.4000000953674316]]"
cauca19,side/FallRightS9,1,True,1,0,0,[3.48],"[[1.5, 3.559999942779541]]"
cauca19,side/FallSittingS9,1,True,1,0,0,[5.72],"[[1.5399999618530273, 5.0]]"
cauca19,side/FallLeftS9,1,False,0,0,1,[],"[[0.9200000166893005, 4.320000171661377]]"
cauca19,side/FallSittingS8,1,True,0,0,1,[],"[[2.25, 5.550000190734863]]"
cauca19,side/FallRightS8,1,True,1,0,0,[3.48],"[[1.5800000429153442, 3.680000066757202]]"
cauca19,forward/FallForwardS8,1,True,1,0,0,[2.52],"[[0.7099999785423279, 2.549999952316284]]"
cauca19,forward/FallForwardS9,1,True,1,0,0,[3.16],"[[1.25, 3.450000047683716]]"
