dataset,model,videos,fall_events,processed,tp,fp,fn,precision,recall,f1,video_f1,video_ap,video_specificity,duration_hours,false_alarms_per_hour
edf,own,2,16,1,8,3,8,0.7272727272727273,0.5,0.5925925925925926,0.6666666666666666,1.0,,0.11374074074074075,26.37577336372517
edf,stgcnpp,2,16,2,11,3,5,0.7857142857142857,0.6875,0.7333333333333333,1.0,1.0,,0.11374074074074075,26.37577336372517
edf,msg3d,2,16,2,7,3,9,0.7,0.4375,0.5384615384615384,1.0,1.0,,0.11374074074074075,26.37577336372517
edf,cnn1d,2,16,2,10,8,6,0.5555555555555556,0.625,0.5882352941176471,1.0,1.0,,0.11374074074074075,70.33539563660045
occu,own,2,16,2,6,2,10,0.75,0.375,0.5,0.6666666666666666,1.0,,0.10226851851851851,19.556360344047082
occu,stgcnpp,2,16,2,8,0,8,1.0,0.5,0.6666666666666666,1.0,1.0,,0.10226851851851851,0.0
occu,msg3d,2,16,2,10,0,6,1.0,0.625,0.7692307692307693,1.0,1.0,,0.10226851851851851,0.0
occu,cnn1d,2,16,2,4,7,12,0.36363636363636365,0.25,0.2962962962962963,0.6666666666666666,1.0,,0.10226851851851851,68.44726120416479
OOPS,own,572,636,454,273,74,363,0.7867435158501441,0.42924528301886794,0.555442522889115,0.6523388116308471,0.9572583877817304,0.8297872340425532,1.8373583098358017,40.275214477144154
OOPS,stgcnpp,572,636,572,421,133,215,0.759927797833935,0.6619496855345912,0.7075630252100841,0.8571428571428571,0.9825865812541703,0.7659574468085106,1.8373583098358017,72.38653412784018
OOPS,msg3d,572,636,572,412,204,224,0.6688311688311688,0.6477987421383647,0.65814696485623,0.8391906283280085,0.9751507643616364,0.574468085106383,1.8373583098358017,111.02896963969471
OOPS,cnn1d,572,636,572,436,229,200,0.6556390977443609,0.6855345911949685,0.6702536510376633,0.8541001064962727,0.9766433150510028,0.723404255319149,1.8373583098358017,124.63546101710827
